Cycle_Number,Re,Rct,Temperature
,,,
,0.056057833,0.200970166,
,,,
,0.053191859,0.164733999,
,,,
,,,
,,,
,,,
,,,
,,,
,,,
,,,
,,,
,0.059637915,0.210398723,
,,,
,0.055125054,0.175488208,
,,,
,0.058878485,0.190956871,
,,,
,0.052812822,0.172251523,
,,,
,,,
,,,
,,,
,,,
,,,
,,,
,,,
,,,
,0.057516601,0.19636438,
,,,
,0.053534245,0.177707303,
,,,
,0.062031131,0.200897893,
,,,
,0.058584904,0.18415408,
,,,
,,,
,,,
,,,
,,,
,,,
,,,
,,,
,,,
,0.062410515,0.214393233,
,,,
,0.058089441,0.186689704,
,,,
,,,
,,,
,,,
,,,
,,,
,,,
,,,
,,,
,0.06545446,0.221453501,
,,,
,0.058893561,0.202838618,
,,,
,,,
,,,
,,,
,,,
,,,
,,,
,,,
,,,
,0.067436998,0.231821463,
,,,
,0.06065747,0.213996782,
,,,
,,,
,,,
,,,
,,,
,,,
,,,
,,,
,,,
,0.070100154,0.22987797,
,,,
,0.065507182,0.203551608,
,,,
,0.065475046,0.236928955,
,,,
,0.064050183,0.203093719,
,,,
,,,
,,,
,,,
,,,
,,,
,,,
,,,
,,,
,0.067098245,0.230395817,
,,,
,0.065833351,0.220441551,
,,,
,,,
,,,
,,,
,,,
,,,
,,,
,,,
,,,
,0.069821037,0.247871765,
,,,
,0.068787809,0.213603366,
,,,
,,,
,,,
,,,
,,,
,,,
,,,
,,,
,,,
,0.07117358,0.23685983,
,,,
,0.067042457,0.223946196,
,,,
,,,
,,,
,,,
,,,
,,,
,,,
,,,
,,,
,0.07023261,0.243232433,
,,,
,0.067687003,0.222290508,
,,,
,0.07161978,0.234037244,
,,,
,0.070681085,0.195285216,
,,,
,,,
,,,
,,,
,,,
,,,
,,,
,,,
,,,
,0.07509561,0.238580061,
,,,
,0.072161644,0.213468052,
,,,
,0.074469924,0.22881371,
,,,
,0.072065784,0.216996573,
,,,
,,,
,,,
,,,
,,,
,,,
,,,
,,,
,,,
,0.075881556,0.217169734,
,,,
,0.072800527,0.216741002,
,,,
,0.072277377,0.237074828,
,,,
,0.072783284,0.215205987,
,,,
,,,
,,,
,,,
,,,
,,,
,,,
,,,
,,,
,0.074363602,0.234086318,
,,,
,0.0730047,0.221713666,
,,,
,0.072628331,0.24565288,
,,,
,0.065086718,0.214410342,
,,,
,,,
,,,
,,,
,,,
,,,
,,,
,,,
,,,
,0.071567801,0.229174097,
,,,
,0.064967621,0.21137225,
,,,
,0.070859051,0.225367827,
,,,
,0.065834535,0.224819987,
,,,
,,,
,,,
,,,
,,,
,,,
,,,
,,,
,,,
,0.072716117,0.237289325,
,,,
,0.066330544,0.226688423,
,,,
,0.073793917,0.234028051,
,,,
,0.066257164,0.20403872,
,,,
,,,
,,,
,,,
,,,
,,,
,,,
,,,
,,,
,0.074070854,0.247124335,
,,,
,0.067776274,0.225346728,
,,,
,,,
,,,
,,,
,,,
,,,
,,,
,,,
,,,
,0.075535855,0.226963025,
,,,
,0.069805634,0.231391799,
,,,
,,,
,,,
,,,
,,,
,,,
,,,
,,,
,,,
,0.075240638,0.236067929,
,,,
,0.069503016,0.226734584,
,,,
,,,
,,,
,,,
,,,
,,,
,,,
,,,
,,,
,0.075578252,0.238158836,
,,,
,0.069479301,0.223316338,
,,,
,0.075148156,0.238058575,
,,,
,0.069534007,0.223536897,
,,,
,,,
,,,
,,,
,,,
,,,
,,,
,,,
,,,
,0.077842689,0.254874992,
,,,
,0.070288505,0.224769541,
,,,
,,,
,,,
,,,
,,,
,,,
,,,
,,,
,,,
,0.076656618,0.252431807,
,,,
,0.072656246,0.217519304,
,,,
,,,
,,,
,,,
,,,
,,,
,,,
,,,
,,,
,0.076663111,0.268866501,
,,,
,0.071687734,0.249432601,
,,,
,,,
,,,
,,,
,,,
,,,
,,,
,,,
,,,
,0.076510435,0.251823227,
,,,
,0.071637896,0.243567372,
,,,
,0.079034405,0.253987476,
,,,
,0.073092299,0.24055566,
,,,
,,,
,,,
,,,
,,,
,,,
,,,
,,,
,,,
,0.078199626,0.260276171,
,,,
,0.07196197,0.23710627,
,,,
,0.076788146,0.244168016,
,,,
,0.073390443,0.252368256,
,,,
,,,
,,,
,,,
,,,
,,,
,,,
,,,
,,,
,0.077101688,0.233808746,
,,,
,0.073910321,0.25016769,
,,,
,0.076443544,0.256447267,
,,,
,0.073033088,0.233874592,
,,,
,,,
,,,
,,,
,,,
,,,
,,,
,,,
,,,
,0.07792709,0.252823179,
,,,
,0.073910352,0.238779468,
,,,
,0.077990779,0.239748939,
,,,
,0.074862427,0.211844129,
,,,
,,,
,,,
,,,
,,,
,,,
,,,
,,,
,,,
,0.07857735,0.229261521,
,,,
,0.074896439,0.197988221,
,,,
,0.079214425,0.223450956,
,,,
,0.075769269,0.208956566,
,,,
,,,
,,,
,,,
,,,
,,,
,,,
,,,
,,,
,0.080002055,0.232294141,
,,,
,0.075332203,0.195197693,
,,,
,0.081884377,0.231004839,
,,,
,0.076414715,0.194707118,
,,,
,,,
,,,
,,,
,,,
,,,
,,,
,,,
,,,
,0.082190479,0.240728261,
,,,
,0.076948968,0.216375356,
,,,
,,,
,,,
,,,
,,,
,,,
,,,
,,,
,,,
,0.082155242,0.227288739,
,,,
,0.081201054,0.211237846,
,,,
,,,
,,,
,,,
,,,
,,,
,,,
,,,
,,,
,0.081370075,0.246252494,
,,,
,0.078869566,0.213708291,
,,,
,,,
,,,
,,,
,,,
,,,
,,,
,,,
,,,
,0.082251947,0.242978787,
,,,
,0.079982671,0.204773793,
,,,
,0.080860616,0.238794708,
,,,
,0.078832782,0.21023071,
,,,
,,,
,,,
,,,
,,,
,,,
,,,
,,,
,,,
,0.083592482,0.254675825,
,,,
,0.078606616,0.215498223,
,,,
,,,
,,,
,,,
,,,
,,,
,,,
,,,
,,,
,0.082583005,0.252611635,
,,,
,0.079276839,0.219543479,
,,,
,,,
,,,
,,,
,,,
,,,
,,,
,,,
,,,
,0.084965238,0.25313505,
,,,
,0.080639665,0.236490956,
,,,
,,,
,,,
,,,
,,,
,,,
,,,
,,,
,,,
,0.083665065,0.243258981,
,,,
,0.079062708,0.233966172,
,,,
,0.084171393,0.254119381,
,,,
,0.080369122,0.230266131,
,,,
,,,
,,,
,,,
,,,
,,,
,,,
,,,
,,,
,0.08362969,0.250418563,
,,,
,0.078777288,0.237216929,
,,,
,0.083766474,0.247656289,
,,,
,0.079917753,0.232016433,
,,,
,,,
,,,
,,,
,,,
,,,
,,,
,,,
,,,
,0.082879267,0.220831201,
,,,
,0.081652577,0.233128703,
,,,
,0.081408273,0.242258613,
,,,
,0.080050825,0.21938243,
,,,
,,,
,,,
,,,
,,,
,,,
,,,
,,,
,,,
,0.082361204,0.254526556,
,,,
,0.080526834,0.225725323,
,,,
,0.091945339,0.187071704,
,,,
,0.077175903,0.182668571,
,,,
,,,
,,,
,,,
,,,
,,,
,,,
,,,
,,,
,0.081965958,0.244925095,
,,,
,0.076234537,0.189841933,
,,,
,0.082378546,0.228528124,
,,,
,0.075592091,0.188302424,
,,,
,,,
,,,
,,,
,,,
,,,
,,,
,,,
,,,
,0.081205887,0.232715267,
,,,
,0.077204074,0.19135754,
,,,
,0.083320693,0.228232495,
,,,
,0.075637867,0.194016008,
,,,
,,,
,,,
,,,
,,,
,,,
,,,
,,,
,,,
,0.081183062,0.240534466,
,,,
,0.077714119,0.186819763,
,,,
,,,
,,,
,,,
,,,
,,,
,,,
,,,
,,,
,0.082159656,0.250820648,
,,,
,0.078217825,0.19552928,
,,,
,,,
,,,
,,,
,,,
,,,
,,,
,,,
,,,
,0.083237208,0.227857708,
,,,
,0.079503701,0.197440629,
,,,
,,,
,,,
,,,
,,,
,,,
,,,
,,,
,,,
,0.082429792,0.238600077,
,,,
,0.078594615,0.211006452,
,,,
,0.085284824,0.230347692,
,,,
,0.078243806,0.193010617,
,,,
,,,
,,,
,,,
,,,
,,,
,,,
,,,
,,,
,0.08302083,0.23756384,
,,,
,0.079400674,0.210264935,
,,,
,,,
,,,
,,,
,,,
,,,
,,,
,,,
,,,
,0.08343387,0.234009635,
,,,
,0.081017881,0.212745488,
,,,
,,,
,,,
,,,
,,,
,,,
,,,
,,,
,,,
,0.084462263,0.232110088,
,,,
,0.081960423,0.20587663,
,,,
,,,
,,,
,,,
,,,
,,,
,,,
,,,
,,,
,0.085641203,0.235078656,
,,,
,0.081325313,0.21271576,
,,,
,0.085344954,0.230202573,
,,,
,0.080893514,0.196667411,
,,,
,,,
,,,
,,,
,,,
,,,
,,,
,,,
,,,
,0.084330789,0.234403163,
,,,
,0.082349572,0.209295401,
,,,
,0.086287317,0.238602453,
,,,
,0.080851664,0.207382287,
,,,
,,,
,,,
,,,
,,,
,,,
,,,
,,,
,,,
,0.083476664,0.222419464,
,,,
,0.082495335,0.217765913,
,,,
,0.086073549,0.227107136,
,,,
,0.082532023,0.190978858,
,,,
,,,
,,,
,,,
,,,
,,,
,,,
,,,
,,,
,0.085576288,0.236317546,
,,,
,0.080831799,0.211462712,
,,,
,0.069533822,0.112705657,
,,,
,,,
,,,
,,,
,,,
,,,
,,,
,,,
,,,
,0.063972299,0.108559813,
,,,
,0.060474384,0.10460205,
,,,
,,,
,,,
,,,
,,,
,,,
,,,
,,,
,,,
,0.059814931,0.100778319,
,,,
,0.060802783,0.103463014,
,,,
,,,
,,,
,,,
,,,
,,,
,,,
,,,
,,,
,0.060940322,0.100031203,
,,,
,0.062765727,0.105699025,
,,,
,,,
,,,
,,,
,,,
,,,
,,,
,,,
,,,
,0.060028199,0.102996439,
,,,
,0.059464055,0.103182603,
,,,
,0.059925077,0.099637435,
,,,
,0.058209862,0.098751948,
,,,
,,,
,,,
,,,
,,,
,,,
,,,
,,,
,,,
,0.059357568,0.096461261,
,,,
,0.062746552,0.102389768,
,,,
,,,
,,,
,,,
,,,
,,,
,,,
,,,
,,,
,0.059698184,0.095434536,
,,,
,0.061300524,0.103684424,
,,,
,,,
,,,
,,,
,,,
,,,
,,,
,,,
,,,
,0.062360229,0.099801946,
,,,
,0.061005988,0.104200333,
,,,
,,,
,,,
,,,
,,,
,,,
,,,
,,,
,,,
,0.064107918,0.10005881,
,,,
,0.063438346,0.107052506,
,,,
,0.069740135,0.20684892,
,,,
,0.068072427,0.21552468,
,,,
,,,
,,,
,,,
,,,
,,,
,,,
,,,
,0.072808927,0.213201671,
,,,
,,,
,,,
,,,
,,,
,,,
,,,
,,,
,,,
,0.069287298,0.198576807,
,,,
,0.067129343,0.208094372,
,,,
,,,
,,,
,,,
,,,
,,,
,,,
,,,
,,,
,0.069230309,0.189721645,
,,,
,0.070910122,0.191172025,
,,,
,,,
,,,
,,,
,,,
,,,
,,,
,,,
,,,
,0.065773863,0.205352624,
,,,
,0.078210336,0.217868842,
,,,
,,,
,,,
,,,
,,,
,,,
,,,
,,,
,,,
,0.077465477,0.204706188,
,,,
,0.078213254,0.214105468,
,,,
,0.078269009,0.205328188,
,,,
,0.080712804,0.19832731,
,,,
,,,
,,,
,,,
,,,
,,,
,,,
,,,
,,,
,0.076456966,0.204078163,
,,,
,0.077121363,0.211459367,
,,,
,,,
,,,
,,,
,,,
,,,
,,,
,,,
,,,
,0.0748902,0.210224248,
,,,
,0.077436466,0.211946029,
,,,
,,,
,,,
,,,
,,,
,,,
,,,
,,,
,,,
,0.079650732,0.218882874,
,,,
,0.076758734,0.205991279,
,,,
,,,
,,,
,,,
,,,
,,,
,,,
,,,
,,,
,0.074317211,0.208792221,
,,,
,0.075818589,0.202512266,
,,,
,0.081573019,0.227341663,
,,,
,0.077965861,0.197947374,
,,,
,,,
,,,
,,,
,,,
,,,
,,,
,,,
,,,
,0.08159659,0.229089983,
,,,
,0.075670079,0.193911658,
,,,
,,,
,,,
,,,
,,,
,,,
,,,
,,,
,,,
,0.082773121,0.245658972,
,,,
,0.077331741,0.194804375,
,,,
,,,
,,,
,,,
,,,
,,,
,,,
,,,
,,,
,0.082061331,0.234589191,
,,,
,0.075205497,0.22105217,
,,,
,,,
,,,
,,,
,,,
,,,
,,,
,,,
,,,
,0.08381627,0.221555862,
,,,
,0.078206692,0.217415594,
,,,
,,,
,,,
,,,
,,,
,,,
,,,
,,,
,0.070664516,0.079450258,
,,,
,,,
,,,
,,,
,,,
,,,
,,,
,,,
,,,
,0.072291558,0.080321595,
,,,
,0.069760595,0.077037715,
,,,
,,,
,,,
,,,
,,,
,,,
,,,
,,,
,,,
,0.073042512,0.081399404,
,,,
,0.070876499,0.077891581,
,,,
,,,
,,,
,,,
,,,
,,,
,,,
,,,
,,,
,0.072780724,0.081114935,
,,,
,0.070745512,0.078323986,
,,,
,,,
,,,
,,,
,,,
,,,
,,,
,,,
,,,
,0.073175002,0.082273812,
,,,
,0.071332626,0.078978636,
,,,
,,,
,,,
,,,
,,,
,,,
,,,
,,,
,,,
,0.073993711,0.083043327,
,,,
,0.07176152,0.079782528,
,,,
,,,
,,,
,,,
,,,
,,,
,,,
,,,
,,,
,0.073519688,0.082442167,
,,,
,0.071373796,0.079116488,
,,,
,,,
,,,
,,,
,,,
,,,
,,,
,,,
,,,
,0.073267574,0.082761888,
,,,
,0.072146162,0.080061664,
,,,
,,,
,,,
,,,
,,,
,,,
,,,
,,,
,,,
,0.074627766,0.083735549,
,,,
,0.072332995,0.079435818,
,,,
,0.104137599,0.126577155,
,,,
,0.118519887,0.147976588,
,,,
,,,
,,,
,,,
,,,
,,,
,,,
,,,
,,,
,0.099771813,0.12513129,
,,,
,0.102144214,0.127772042,
,,,
,0.103028508,0.128847124,
,,,
,0.101453747,0.131109109,
,,,
,,,
,,,
,,,
,,,
,,,
,,,
,,,
,,,
,0.099165716,0.125657966,
,,,
,0.096501138,0.125814495,
,,,
,0.106692902,0.122589068,
,,,
,0.105756919,0.116659065,
,,,
,,,
,,,
,,,
,,,
,,,
,,,
,,,
,,,
,0.104220744,0.122609609,
,,,
,0.104310681,0.115022936,
,,,
,0.104754543,0.123037073,
,,,
,0.103722601,0.115803444,
,,,
,,,
,,,
,,,
,,,
,,,
,,,
,,,
,,,
,0.104682534,0.123719212,
,,,
,0.102163672,0.115778377,
,,,
,,,
,,,
,,,
,,,
,,,
,,,
,,,
,,,
,0.104324978,0.122519109,
,,,
,0.104740011,0.117485753,
,,,
,,,
,,,
,,,
,,,
,,,
,,,
,,,
,,,
,0.105551883,0.123643384,
,,,
,0.103889161,0.115986499,
,,,
,,,
,,,
,,,
,,,
,,,
,,,
,,,
,,,
,0.106994601,0.123335365,
,,,
,0.103679643,0.115829931,
,,,
,0.102265579,0.116190913,
,,,
,0.102601742,0.115224594,
,,,
,,,
,,,
,,,
,,,
,,,
,,,
,,,
,,,
,0.104561817,0.116837667,
,,,
,0.104595722,0.117017827,
,,,
,0.104933816,0.11615802,
,,,
,0.106528107,0.118190474,
,,,
,,,
,,,
,0.118795455,0.147571593,
,,,
,0.121905998,0.147611604,
,,,
,,,
,,,
,,,
,,,
,,,
,,,
,,,
,,,
,0.116420421,0.138512594,
,,,
,0.117359525,0.141946278,
,,,
,0.116708833,0.139686272,
,,,
,0.116436024,0.143071306,
,,,
,,,
,,,
,,,
,,,
,,,
,,,
,,,
,,,
,0.116168955,0.139054227,
,,,
,0.116667292,0.140803176,
,,,
,0.124733793,0.138608786,
,,,
,0.124350135,0.134406674,
,,,
,,,
,,,
,,,
,,,
,,,
,,,
,,,
,,,
,0.123931205,0.137581199,
,,,
,0.123356492,0.13315254,
,,,
,0.123556032,0.136197638,
,,,
,0.122504019,0.133161928,
,,,
,,,
,,,
,,,
,,,
,,,
,,,
,,,
,,,
,0.122739861,0.138107984,
,,,
,0.122200939,0.132671393,
,,,
,,,
,,,
,,,
,,,
,,,
,,,
,,,
,,,
,0.122162187,0.137988781,
,,,
,0.121985871,0.133398763,
,,,
,,,
,,,
,,,
,,,
,,,
,,,
,,,
,,,
,0.122866642,0.139363391,
,,,
,0.121213947,0.133691816,
,,,
,,,
,,,
,,,
,,,
,,,
,,,
,,,
,,,
,0.123226508,0.139872911,
,,,
,0.122602605,0.133347276,
,,,
,0.123074276,0.136373107,
,,,
,0.123236091,0.134041312,
,,,
,,,
,,,
,,,
,,,
,,,
,,,
,,,
,,,
,0.121959003,0.135909793,
,,,
,0.123696399,0.134175914,
,,,
,0.139274545,0.149811888,
,,,
,0.138516893,0.149889724,
,,,
,,,
,0.028340456,0.044702258,
,,,
,,,
,,,
,,,
,,,
,,,
,,,
,,,
,,,
,0.027799934,0.040978314,
,,,
,0.028141321,0.039542624,
,,,
,,,
,,,
,,,
,,,
,,,
,,,
,,,
,,,
,0.028695046,0.040302375,
,,,
,0.028862177,0.039740936,
,,,
,,,
,,,
,,,
,,,
,,,
,,,
,,,
,,,
,0.028229387,0.041443692,
,,,
,0.028293754,0.039916895,
,,,
,,,
,,,
,,,
,,,
,,,
,,,
,,,
,,,
,0.028613015,0.041558966,
,,,
,0.027999485,0.040024622,
,,,
,,,
,,,
,,,
,,,
,,,
,,,
,,,
,,,
,0.02787057,0.04042561,
,,,
,0.028154278,0.040313117,
,,,
,,,
,,,
,,,
,,,
,,,
,,,
,,,
,,,
,0.027189285,0.040692795,
,,,
,0.027645015,0.040951439,
,,,
,,,
,,,
,,,
,,,
,,,
,,,
,,,
,,,
,0.027050163,0.040824222,
,,,
,0.028256362,0.040573024,
,,,
,,,
,,,
,,,
,,,
,,,
,,,
,,,
,,,
,0.02827714,0.041414871,
,,,
,0.02816891,0.041195686,
,0.081411365,0.134352941,
,,,
,0.081764587,0.106820871,
,,,
,,,
,,,
,,,
,,,
,,,
,,,
,,,
,,,
,0.080825805,0.12179726,
,,,
,0.080497553,0.101716993,
,,,
,0.07999809,0.114997394,
,,,
,0.079213991,0.10231508,
,,,
,,,
,,,
,,,
,,,
,,,
,,,
,,,
,0.0802408,0.11464434,
,,,
,0.078866428,0.101419113,
,,,
,0.079298418,0.115076314,
,,,
,0.078026844,0.09966656,
,,,
,,,
,,,
,,,
,,,
,,,
,,,
,,,
,,,
,0.080315306,0.111798937,
,,,
,0.078754915,0.10011466,
,,,
,0.081972678,0.107862238,
,,,
,0.080195105,0.100736994,
,,,
,,,
,,,
,,,
,,,
,,,
,,,
,,,
,,,
,0.079833086,0.110184285,
,,,
,0.080295219,0.100265826,
,0.079493893,0.097713302,
,,,
,0.079499153,0.101861794,
,,,
,,,
,,,
,,,
,,,
,,,
,,,
,,,
,,,
,0.080109206,0.113089094,
,,,
,0.080310378,0.100935331,
,,,
,0.07970222,0.113722735,
,,,
,,,
,0.07586447,0.128330683,
,,,
,,,
,,,
,,,
,,,
,,,
,,,
,,,
,,,
,0.074598225,0.117230748,
,,,
,0.07516361,0.113138053,
,,,
,,,
,,,
,,,
,,,
,,,
,,,
,,,
,,,
,0.073927997,0.115483913,
,,,
,0.073915334,0.116079428,
,,,
,,,
,,,
,,,
,,,
,,,
,,,
,,,
,,,
,0.073221144,0.115247391,
,,,
,0.07404776,0.11488443,
,,,
,,,
,,,
,,,
,,,
,,,
,,,
,,,
,,,
,0.075403087,0.113034594,
,,,
,0.074752654,0.114896674,
,,,
,0.073545765,0.11293119,
,,,
,0.073867593,0.112734277,
,,,
,,,
,,,
,,,
,,,
,,,
,,,
,,,
,,,
,0.073543602,0.111907284,
,,,
,0.073994466,0.112752983,
,,,
,,,
,,,
,,,
,,,
,,,
,,,
,,,
,,,
,0.075210687,0.108962095,
,,,
,0.074491515,0.111861085,
,,,
,,,
,,,
,,,
,,,
,,,
,,,
,,,
,,,
,0.073444782,0.112134281,
,,,
,0.074310462,0.113321002,
,,,
,,,
,,,
,,,
,,,
,,,
,,,
,,,
,,,
,0.07460513,0.109634771,
,,,
,0.075459625,0.113779267,
,,,
,0.078775295,0.15895382,
,,,
,0.07699822,0.182599295,
,,,
,,,
,,,
,,,
,,,
,,,
,,,
,,,
,0.078006107,0.184133946,
,,,
,,,
,,,
,,,
,,,
,,,
,,,
,,,
,,,
,0.075825301,0.150118452,
,,,
,0.075874006,0.189806862,
,,,
,,,
,,,
,,,
,,,
,,,
,,,
,,,
,,,
,0.075982123,0.158946055,
,,,
,0.076001351,0.177914347,
,,,
,,,
,,,
,,,
,,,
,,,
,,,
,,,
,,,
,0.075942781,0.165994697,
,,,
,0.077046811,0.196802739,
,,,
,,,
,,,
,,,
,,,
,,,
,,,
,,,
,,,
,0.075880035,0.154886757,
,,,
,0.07496926,0.188887121,
,,,
,0.075890154,0.157536438,
,,,
,0.076912854,0.191608181,
,,,
,,,
,,,
,,,
,,,
,,,
,,,
,,,
,,,
,0.077119936,0.15980122,
,,,
,0.07651499,0.19398221,
,,,
,,,
,,,
,,,
,,,
,,,
,,,
,,,
,,,
,0.076593433,0.167180628,
,,,
,0.079128155,0.191561259,
,,,
,,,
,,,
,,,
,,,
,,,
,,,
,,,
,,,
,0.078244996,0.188280245,
,,,
,0.079050353,0.19800452,
,,,
,,,
,,,
,,,
,,,
,,,
,,,
,,,
,,,
,0.079066619,0.193737072,
,,,
,0.078712374,0.189308727,
,,,
,0.086989407,0.212039824,
,,,
,0.078282633,0.192421415,
,,,
,,,
,,,
,,,
,,,
,,,
,,,
,,,
,,,
,0.081946304,0.249511738,
,,,
,0.077223363,0.201254032,
,,,
,,,
,,,
,,,
,,,
,,,
,,,
,,,
,,,
,0.082594275,0.230587503,
,,,
,0.077802518,0.196930634,
,,,
,,,
,,,
,,,
,,,
,,,
,,,
,,,
,,,
,0.083220324,0.256579017,
,,,
,0.078547431,0.194612438,
,,,
,,,
,,,
,,,
,,,
,,,
,,,
,,,
,,,
,0.085066339,0.240086415,
,,,
,0.079037334,0.209456773,
,,,
,,,
,,,
,,,
,,,
,,,
,,,
,,,
,,,
,0.12557395,0.157805914,
,,,
,0.12403017,0.1513311,
,,,
,,,
,,,
,,,
,,,
,,,
,,,
,,,
,,,
,0.12084427,0.146163483,
,,,
,0.120380461,0.146098102,
,,,
,,,
,,,
,,,
,,,
,,,
,,,
,,,
,,,
,0.119657774,0.143498972,
,,,
,0.120576554,0.143178818,
,,,
,,,
,,,
,,,
,,,
,,,
,,,
,,,
,,,
,0.120189974,0.142204718,
,,,
,0.121050545,0.141934824,
,,,
,,,
,,,
,,,
,,,
,,,
,,,
,,,
,,,
,0.11967878,0.142066857,
,,,
,0.120787554,0.142077934,
,,,
,0.123074407,0.14169779,
,,,
,0.123186047,0.143516565,
,,,
,,,
,,,
,,,
,,,
,,,
,,,
,,,
,,,
,0.121157004,0.141583627,
,,,
,0.122087323,0.141611272,
,,,
,,,
,,,
,,,
,,,
,,,
,,,
,,,
,,,
,0.12074081,0.142209811,
,,,
,0.121335188,0.142166252,
,,,
,,,
,,,
,,,
,,,
,,,
,,,
,,,
,,,
,0.121864842,0.143342017,
,,,
,0.122212589,0.140564912,
,,,
,,,
,,,
,,,
,,,
,,,
,,,
,,,
,,,
,0.120412015,0.141846047,
,,,
,0.121367303,0.142497465,
,,,
,0.121975128,0.140715447,
,,,
,0.123107282,0.140567675,
,,,
,,,
,,,
,,,
,,,
,0.128046692,0.14706433,
,,,
,0.124973364,0.143412291,
,,,
,,,
,,,
,,,
,,,
,,,
,,,
,,,
,,,
,0.125336269,0.143459239,
,,,
,0.126067023,0.143522656,
,,,
,,,
,,,
,,,
,,,
,,,
,,,
,,,
,,,
,0.125358604,0.144242665,
,,,
,0.125271317,0.143559107,
,,,
,,,
,,,
,,,
,,,
,,,
,,,
,,,
,,,
,0.12518247,0.146130142,
,,,
,0.123542521,0.143671307,
,,,
,,,
,,,
,,,
,,,
,,,
,,,
,,,
,,,
,0.124226803,0.145165513,
,,,
,0.123754509,0.145806873,
,,,
,0.125095692,0.145354572,
,,,
,0.12672518,0.145221289,
,,,
,,,
,,,
,,,
,,,
,,,
,,,
,,,
,,,
,0.124015191,0.145963938,
,,,
,0.125730766,0.145432162,
,,,
,,,
,,,
,,,
,,,
,,,
,,,
,,,
,,,
,0.125875439,0.146829267,
,,,
,0.125344112,0.14788026,
,,,
,,,
,,,
,,,
,,,
,,,
,,,
,,,
,,,
,0.124530598,0.147019577,
,,,
,0.125278418,0.147803893,
,,,
,,,
,,,
,,,
,,,
,,,
,,,
,,,
,,,
,0.12514427,0.147991727,
,,,
,0.125036739,0.147098398,
,,,
,,,
,,,
,,,
,,,
,,,
,,,
,,,
,,,
,0.1250192,0.145579476,
,,,
,0.124673292,0.147480442,
,,,
,,,
,,,
,,,
,,,
,,,
,,,
,,,
,,,
,0.124995488,0.145426113,
,,,
,0.125109226,0.147135186,
,,,
,,,
,,,
,,,
,,,
,,,
,,,
,,,
,,,
,0.127150339,0.146819499,
,,,
,0.126463818,0.146480627,
,,,
,,,
,,,
,,,
,,,
,,,
,,,
,,,
,,,
,0.126292837,0.149249387,
,,,
,0.127123315,0.146586662,
,,,
,,,
,,,
,,,
,,,
,,,
,,,
,,,
,,,
,0.124676579,0.148844857,
,,,
,0.124489359,0.148154769,
,,,
,,,
,,,
,0.127526258,0.14760489,
,,,
,0.127296069,0.147946636,
,,,
,,,
,,,
,,,
,,,
,,,
,,,
,,,
,,,
,0.126042422,0.149103685,
,,,
,0.125973666,0.147603089,
,,,
,,,
,,,
,,,
,,,
,,,
,,,
,,,
,,,
,0.124929681,0.150132447,
,,,
,0.125923186,0.149002219,
,,,
,,,
,,,
,,,
,,,
,,,
,,,
,,,
,,,
,0.125147858,0.149531312,
,,,
,0.127212111,0.149047818,
,,,
,,,
,,,
,,,
,,,
,,,
,,,
,,,
,,,
,0.12502201,0.148836253,
,,,
,0.126149801,0.148880254,
,,,
,0.126238212,0.147772453,
,,,
,0.12752738,0.148358107,
,,,
,,,
,,,
,,,
,,,
,,,
,,,
,,,
,,,
,0.126706765,0.150555914,
,,,
,0.127123942,0.147334897,
,,,
,,,
,,,
,,,
,,,
,,,
,,,
,,,
,,,
,0.126170076,0.149951006,
,,,
,0.126077504,0.14854692,
,,,
,,,
,,,
,,,
,,,
,,,
,,,
,,,
,,,
,0.125984701,0.150090784,
,,,
,0.125846815,0.150041711,
,,,
,,,
,,,
,,,
,,,
,,,
,,,
,,,
,,,
,0.125661094,0.150554687,
,,,
,0.125945988,0.150885026,
,,,
,0.12812487,0.146054202,
,,,
,0.129175471,0.148754982,
,,,
,,,
,,,
,,,
,,,
,,,
,,,
,,,
,,,
,0.128176948,0.149620094,
,,,
,0.129339377,0.148826667,
,,,
,,,
,,,
,,,
,,,
,,,
,,,
,,,
,,,
,0.128061986,0.152015147,
,,,
,0.128855473,0.150630318,
,,,
,,,
,,,
,,,
,,,
,,,
,,,
,,,
,,,
,0.127623321,0.152061164,
,,,
,0.128523594,0.151369517,
,,,
,,,
,,,
,,,
,,,
,,,
,,,
,,,
,,,
,0.12813992,0.153133237,
,,,
,0.127762459,0.151794718,
,,,
,0.128030135,0.14962083,
,,,
,0.128763273,0.151228907,
,,,
,,,
,,,
,,,
,,,
,,,
,,,
,,,
,,,
,0.127335033,0.152600694,
,,,
,0.127934454,0.153052954,
,,,
,,,
,,,
,,,
,,,
,,,
,,,
,,,
,,,
,0.126921624,0.152375987,
,,,
,0.12739232,0.153041589,
,,,
,,,
,,,
,,,
,,,
,,,
,,,
,,,
,,,
,0.127504496,0.152514793,
,,,
,0.129010277,0.148695655,
,,,
,,,
,,,
,,,
,,,
,,,
,,,
,,,
,,,
,0.128488902,0.152966912,
,,,
,0.127814695,0.15295509,
,,,
,0.107412256,0.194225497,
,,,
,0.135408665,0.165173116,
,,,
,,,
,,,
,,,
,,,
,,,
,,,
,,,
,,,
,0.138986641,0.161595456,
,,,
,0.140958915,0.163358574,
,,,
,0.138537743,0.161885059,
,,,
,0.139060449,0.164441545,
,,,
,,,
,,,
,,,
,,,
,,,
,,,
,,,
,,,
,0.14068556,0.162164259,
,,,
,0.141756662,0.165580562,
,,,
,0.15272399,0.170038705,
,,,
,0.144279985,0.155745112,
,,,
,,,
,,,
,,,
,,,
,,,
,,,
,,,
,,,
,0.149178002,0.16974977,
,,,
,0.146487422,0.158054542,
,,,
,0.150127361,0.169134467,
,,,
,0.145529157,0.157300434,
,,,
,,,
,,,
,,,
,,,
,,,
,,,
,,,
,,,
,0.14940349,0.167594684,
,,,
,0.145009865,0.158113688,
,,,
,,,
,,,
,,,
,,,
,,,
,,,
,,,
,,,
,0.149947789,0.163924911,
,,,
,0.145846732,0.157104166,
,,,
,,,
,,,
,,,
,,,
,,,
,,,
,,,
,,,
,0.148124182,0.171531851,
,,,
,0.145621334,0.157816595,
,,,
,,,
,,,
,,,
,,,
,,,
,,,
,,,
,,,
,0.147562997,0.171649055,
,,,
,0.14528367,0.157169101,
,,,
,0.146444824,0.162745191,
,,,
,0.146182597,0.158944263,
,,,
,,,
,,,
,,,
,,,
,,,
,,,
,,,
,,,
,0.145584839,0.162128985,
,,,
,0.146793768,0.159064378,
,,,
,0.156166986,0.168748722,
,,,
,0.156443117,0.168886628,
,,,
,,,
,,,
,0.103694258,0.141873247,
,,,
,0.102984201,0.13119351,
,,,
,,,
,,,
,,,
,,,
,,,
,,,
,,,
,,,
,0.113928186,0.140866622,
,,,
,0.112711181,0.138962849,
,,,
,,,
,,,
,,,
,,,
,,,
,,,
,,,
,,,
,0.088315534,0.113339023,
,,,
,0.088603448,0.113199482,
,,,
,,,
,,,
,,,
,,,
,,,
,,,
,,,
,,,
,0.077288295,0.100266581,
,,,
,0.078138008,0.099216137,
,,,
,,,
,,,
,,,
,,,
,,,
,,,
,,,
,,,
,0.075918173,0.100236283,
,,,
,0.076747149,0.098694018,
,,,
,0.07909409,0.0982556,
,,,
,0.077953836,0.098160012,
,,,
,,,
,,,
,,,
,,,
,,,
,,,
,,,
,,,
,0.075907688,0.098503732,
,,,
,0.077872213,0.097256495,
,,,
,,,
,,,
,,,
,,,
,,,
,,,
,,,
,,,
,0.075322162,0.098996951,
,,,
,0.076130156,0.098160398,
,,,
,,,
,,,
,,,
,,,
,,,
,,,
,,,
,,,
,0.074707113,0.098131143,
,,,
,0.077065385,0.097483528,
,,,
,,,
,,,
,,,
,,,
,,,
,,,
,,,
,,,
,0.07463064,0.098630018,
,,,
,0.075183399,0.098092157,
,,,
,0.076544017,0.096793024,
,,,
,0.078135594,0.096668415,
,,,
,,,
,,,
,,,
,,,
,0.080154217,0.09981592,
,,,
,0.077553714,0.097818174,
,,,
,,,
,,,
,,,
,,,
,,,
,,,
,,,
,,,
,0.078733544,0.099371762,
,,,
,0.078798467,0.098514061,
,,,
,,,
,,,
,,,
,,,
,,,
,,,
,,,
,,,
,0.078563899,0.100885974,
,,,
,0.080113591,0.100981865,
,,,
,,,
,,,
,,,
,,,
,,,
,,,
,,,
,,,
,0.078947293,0.102678508,
,,,
,0.080215724,0.102487714,
,,,
,,,
,,,
,,,
,,,
,,,
,,,
,,,
,,,
,0.079672286,0.104368865,
,,,
,0.078896433,0.105773611,
,,,
,0.080952284,0.104233686,
,,,
,0.082440821,0.103170185,
,,,
,,,
,,,
,,,
,,,
,,,
,,,
,,,
,,,
,0.08251365,0.108539876,
,,,
,0.083907312,0.108190303,
,,,
,,,
,,,
,,,
,,,
,,,
,,,
,,,
,,,
,0.086205689,0.11143306,
,,,
,0.086555227,0.111993452,
,,,
,,,
,,,
,,,
,,,
,,,
,,,
,,,
,,,
,0.084011002,0.111857082,
,,,
,0.086406926,0.11284501,
,,,
,,,
,,,
,,,
,,,
,,,
,,,
,,,
,,,
,0.088040712,0.115099463,
,,,
,0.088705067,0.116015634,
,,,
,,,
,,,
,,,
,,,
,,,
,,,
,,,
,,,
,0.087132305,0.114245674,
,,,
,0.089892354,0.115290998,
,,,
,,,
,,,
,,,
,,,
,,,
,,,
,,,
,,,
,0.089522774,0.113883551,
,,,
,0.092163108,0.114696845,
,,,
,,,
,,,
,,,
,,,
,,,
,,,
,,,
,,,
,0.08712727,0.113828649,
,,,
,0.090109643,0.114733522,
,,,
,,,
,,,
,,,
,,,
,,,
,,,
,,,
,,,
,0.089201781,0.117674177,
,,,
,0.092436094,0.116370405,
,,,
,,,
,,,
,,,
,,,
,,,
,,,
,,,
,,,
,0.090804608,0.120765144,
,,,
,0.092047517,0.120399786,
,,,
,,,
,,,
,0.085043427,0.110881187,
,,,
,0.086391641,0.111212355,
,,,
,,,
,,,
,,,
,,,
,,,
,,,
,,,
,,,
,0.090868792,0.118824415,
,,,
,0.090667498,0.118957833,
,,,
,,,
,,,
,,,
,,,
,,,
,,,
,,,
,,,
,0.090705489,0.121014177,
,,,
,0.09095578,0.120936356,
,,,
,,,
,,,
,,,
,,,
,,,
,,,
,,,
,,,
,0.093285245,0.124500789,
,,,
,0.095356775,0.121986702,
,,,
,,,
,,,
,,,
,,,
,,,
,,,
,,,
,,,
,0.110275135,0.142675569,
,,,
,0.111907415,0.140979623,
,,,
,0.088743111,0.114028129,
,,,
,0.088496335,0.114981046,
,,,
,,,
,,,
,,,
,,,
,,,
,,,
,,,
,,,
,0.143445453,0.16967859,
,,,
,0.14562946,0.169198828,
,,,
,,,
,,,
,,,
,,,
,,,
,,,
,,,
,,,
,0.138338889,0.165439348,
,,,
,0.138299652,0.165549736,
,,,
,,,
,,,
,,,
,,,
,,,
,,,
,,,
,,,
,0.099299486,0.128844698,
,,,
,0.099533106,0.130474892,
,,,
,,,
,,,
,,,
,,,
,,,
,,,
,,,
,,,
,0.098172166,0.128441632,
,,,
,0.099014691,0.127550322,
,,,
,0.091564999,0.116703328,
,,,
,0.093091725,0.116131298,
,,,
,,,
,,,
,,,
,,,
,,,
,,,
,,,
,,,
,0.094267868,0.118901853,
,,,
,0.094182062,0.117228772,
,,,
,,,
,,,
,,,
,,,
,,,
,,,
,,,
,,,
,0.092032494,0.118676793,
,,,
,0.090952582,0.119200619,
,,,
,,,
,,,
,,,
,,,
,,,
,,,
,,,
,,,
,0.089952454,0.11986946,
,,,
,0.089283798,0.118742561,
,,,
,,,
,,,
,,,
,,,
,,,
,,,
,,,
,,,
,0.087983902,0.117572344,
,,,
,0.086484776,0.118018556,
,,,
,0.089266925,0.11663071,
,,,
,0.090323496,0.116455686,
,,,
,,,
,,,
,,,
,,,
,,,
,,,
,,,
,,,
,0.088509845,0.118631008,
,,,
,0.089513412,0.115636423,
,,,
,,,
,,,
,,,
,,,
,,,
,,,
,,,
,,,
,0.08747821,0.117282935,
,,,
,0.087631835,0.1167799,
,,,
,,,
,,,
,,,
,,,
,,,
,,,
,,,
,,,
,0.085418901,0.113827867,
,,,
,0.090745111,0.109607428,
,,,
,,,
,,,
,,,
,,,
,,,
,,,
,,,
,,,
,0.084772747,0.116130034,
,,,
,0.085790204,0.112924328,
,0.06341818,0.077259394,
,,,
,,,
,,,
,,,
,,,
,,,
,,,
,,,
,,,
,0.063892808,0.075214052,
,,,
,0.064275664,0.07408674,
,,,
,,,
,,,
,,,
,,,
,,,
,,,
,,,
,,,
,0.063932747,0.07454328,
,,,
,0.064453468,0.074552695,
,,,
,,,
,,,
,,,
,,,
,,,
,,,
,,,
,,,
,0.064070764,0.074839015,
,,,
,0.063769418,0.074383923,
,,,
,,,
,,,
,,,
,,,
,,,
,,,
,,,
,,,
,0.063950885,0.076103895,
,,,
,0.065299154,0.075181558,
,,,
,,,
,,,
,,,
,,,
,,,
,,,
,,,
,,,
,0.063249674,0.074699167,
,,,
,0.064329279,0.075026753,
,,,
,,,
,,,
,,,
,,,
,,,
,,,
,,,
,,,
,0.06391929,0.07501385,
,,,
,0.065059251,0.075806699,
,,,
,,,
,,,
,,,
,,,
,,,
,,,
,,,
,,,
,0.064287085,0.076342818,
,,,
,0.064684504,0.075704538,
,,,
,,,
,,,
,,,
,,,
,,,
,,,
,,,
,,,
,0.063979585,0.075108992,
,,,
,0.064615392,0.07534304,
,,,
,,,
,0.053543345,0.185901907,
,,,
,,,
,,,
,,,
,,,
,,,
,,,
,,,
,,,
,0.053134147,0.181767798,
,,,
,0.051750833,0.185517136,
,,,
,,,
,,,
,,,
,,,
,,,
,,,
,,,
,,,
,0.052677448,0.196157179,
,,,
,0.052924802,0.185763538,
,,,
,,,
,,,
,,,
,,,
,,,
,,,
,,,
,,,
,0.052389297,0.186546433,
,,,
,0.052403921,0.188677665,
,,,
,,,
,,,
,,,
,,,
,,,
,,,
,,,
,,,
,0.052153207,0.182273328,
,,,
,0.052831072,0.195710588,
,,,
,0.054257575,0.195666466,
,,,
,0.054090269,0.220668433,
,,,
,,,
,,,
,,,
,,,
,,,
,,,
,,,
,,,
,0.054490621,0.198467423,
,,,
,0.054120622,0.184957221,
,,,
,,,
,,,
,,,
,,,
,,,
,,,
,,,
,,,
,0.054199406,0.199498742,
,,,
,0.052332271,0.196052494,
,,,
,,,
,,,
,,,
,,,
,,,
,,,
,,,
,,,
,0.053538439,0.183490994,
,,,
,0.055153784,0.184007766,
,,,
,,,
,,,
,,,
,,,
,,,
,,,
,,,
,,,
,0.053608698,0.19409196,
,,,
,0.053077089,0.214916479,
,,,
,0.059739667,0.217369467,
,,,
,0.052022724,0.195554904,
,,,
,,,
,,,
,,,
,,,
,,,
,,,
,,,
,,,
,0.057319808,0.213038147,
,,,
,0.052690406,0.202505535,
,,,
,,,
,,,
,,,
,,,
,,,
,,,
,,,
,,,
,0.059368692,0.21036604,
,,,
,0.054772449,0.210594507,
,,,
,,,
,,,
,,,
,,,
,,,
,,,
,,,
,,,
,0.061629824,0.209090693,
,,,
,0.055741732,0.197343037,
,,,
,,,
,,,
,,,
,,,
,,,
,,,
,,,
,,,
,0.062916763,0.218510454,
,,,
,0.057189257,0.194129188,
,,,
,,,
,,,
,,,
,,,
,,,
,,,
,,,
,0.090839777,0.139166785,
,,,
,0.085483345,0.109514758,
,,,
,,,
,,,
,,,
,,,
,,,
,,,
,,,
,,,
,0.104301759,0.139335713,
,,,
,0.107221435,0.127819625,
,,,
,0.102151235,0.131585983,
,,,
,0.10276918,0.12417437,
,,,
,,,
,,,
,,,
,,,
,,,
,,,
,,,
,0.104316046,0.132210977,
,,,
,0.10381158,0.12316169,
,,,
,0.099584507,0.129383381,
,,,
,0.099803555,0.12056516,
,,,
,,,
,,,
,,,
,,,
,,,
,,,
,,,
,,,
,0.098019151,0.125610499,
,,,
,0.099506803,0.119716898,
,,,
,0.098710745,0.123949799,
,,,
,0.100185457,0.119386316,
,,,
,,,
,,,
,,,
,,,
,,,
,,,
,,,
,,,
,0.09821474,0.126003174,
,,,
,0.097704053,0.117216611,
,0.096349098,0.11435722,
,,,
,0.097556123,0.118445089,
,,,
,,,
,,,
,,,
,,,
,,,
,,,
,,,
,,,
,0.096539181,0.126759783,
,,,
,0.099965263,0.119612266,
,,,
,0.099692272,0.124854313,
,,,
,,,
,0.08024913,0.144592507,
,,,
,,,
,,,
,,,
,,,
,,,
,,,
,,,
,,,
,0.077301114,0.126696137,
,,,
,0.076861617,0.1223033,
,,,
,,,
,,,
,,,
,,,
,,,
,,,
,,,
,,,
,0.074950164,0.125924658,
,,,
,0.07839387,0.120028311,
,,,
,,,
,,,
,,,
,,,
,,,
,,,
,,,
,,,
,0.076987134,0.124245789,
,,,
,0.075032381,0.126579918,
,,,
,,,
,,,
,,,
,,,
,,,
,,,
,,,
,,,
,0.076791148,0.121584096,
,,,
,0.075916502,0.125453463,
,,,
,0.077391208,0.121416227,
,,,
,0.077527645,0.119460693,
,,,
,,,
,,,
,,,
,,,
,,,
,,,
,,,
,,,
,0.077298337,0.119535565,
,,,
,0.077271306,0.121076015,
,,,
,,,
,,,
,,,
,,,
,,,
,,,
,,,
,,,
,0.07632132,0.122527657,
,,,
,0.079136459,0.119094231,
,,,
,,,
,,,
,,,
,,,
,,,
,,,
,,,
,,,
,0.077532209,0.121327065,
,,,
,0.077720481,0.12569696,
,,,
,,,
,,,
,,,
,,,
,,,
,,,
,,,
,,,
,0.07773774,0.120901519,
,,,
,0.076998908,0.12526509,
,,,
,0.089506792,0.21672339,
,,,
,0.087727168,0.236824361,
,,,
,,,
,,,
,,,
,,,
,,,
,,,
,,,
,0.085357401,0.236567362,
,,,
,,,
,,,
,,,
,,,
,,,
,,,
,,,
,,,
,0.084685605,0.244900999,
,,,
,0.085543908,0.226571901,
,,,
,,,
,,,
,,,
,,,
,,,
,,,
,,,
,,,
,0.087753423,0.238894512,
,,,
,0.084805304,0.244816097,
,,,
,,,
,,,
,,,
,,,
,,,
,,,
,,,
,,,
,0.084924963,0.226686504,
,,,
,0.087276363,0.211354007,
,,,
,,,
,,,
,,,
,,,
,,,
,,,
,,,
,,,
,0.084512067,0.227847199,
,,,
,0.085812723,0.229388114,
,,,
,0.086019627,0.237673922,
,,,
,0.088303686,0.216640136,
,,,
,,,
,,,
,,,
,,,
,,,
,,,
,,,
,,,
,0.08678932,0.229673715,
,,,
,0.088219418,0.207645454,
,,,
,,,
,,,
,,,
,,,
,,,
,,,
,,,
,,,
,0.085083778,0.246453253,
,,,
,0.085957806,0.211482578,
,,,
,,,
,,,
,,,
,,,
,,,
,,,
,,,
,,,
,0.083994003,0.222572889,
,,,
,0.085145053,0.21569642,
,,,
,,,
,,,
,,,
,,,
,,,
,,,
,,,
,,,
,0.084229718,0.216755137,
,,,
,0.086112891,0.231556385,
,,,
,0.089338637,0.237238892,
,,,
,0.084654652,0.204353138,
,,,
,,,
,,,
,,,
,,,
,,,
,,,
,,,
,,,
,0.087298279,0.265487328,
,,,
,0.084513663,0.202747855,
,,,
,,,
,,,
,,,
,,,
,,,
,,,
,,,
,,,
,0.089603299,0.237628433,
,,,
,0.084887472,0.20777871,
,,,
,,,
,,,
,,,
,,,
,,,
,,,
,,,
,,,
,0.090296171,0.231059775,
,,,
,0.086289455,0.217610358,
,,,
,,,
,,,
,,,
,,,
,,,
,,,
,,,
,,,
,0.090369625,0.247359773,
,,,
,0.084693673,0.230488456,
,,,
,,,
,,,
,,,
,,,
,,,
,,,
,,,
,,,
,0.10545823,0.148769118,
,,,
,0.102986753,0.130808898,
,,,
,,,
,,,
,,,
,,,
,,,
,,,
,,,
,,,
,0.10188244,0.137462448,
,,,
,0.101260954,0.129159831,
,,,
,,,
,,,
,,,
,,,
,,,
,,,
,,,
,,,
,0.101467579,0.134741168,
,,,
,0.101393148,0.126389348,
,,,
,,,
,,,
,,,
,,,
,,,
,,,
,,,
,,,
,0.102344228,0.131582064,
,,,
,0.102516782,0.125486862,
,,,
,,,
,,,
,,,
,,,
,,,
,,,
,,,
,,,
,0.100712598,0.13073547,
,,,
,0.102262257,0.125318357,
,,,
,0.104286924,0.128044885,
,,,
,0.102595141,0.123719823,
,,,
,,,
,,,
,,,
,,,
,,,
,,,
,,,
,,,
,0.102412484,0.128159063,
,,,
,0.102048115,0.12399195,
,,,
,,,
,,,
,,,
,,,
,,,
,,,
,,,
,,,
,0.101179966,0.127796276,
,,,
,0.102127031,0.123289789,
,,,
,,,
,,,
,,,
,,,
,,,
,,,
,,,
,,,
,0.10210059,0.128267305,
,,,
,0.102312808,0.12277846,
,,,
,,,
,,,
,,,
,,,
,,,
,,,
,,,
,,,
,0.100984438,0.127903091,
,,,
,0.101881496,0.124009812,
,,,
,0.101869937,0.125705004,
,,,
,0.102716442,0.121698467,
,,,
,,,
,,,
,,,
,,,
,0.104377737,0.123940504,
,,,
,0.10402275,0.124378834,
,,,
,,,
,,,
,,,
,,,
,,,
,,,
,,,
,,,
,0.103548472,0.126863899,
,,,
,0.103277594,0.122935264,
,,,
,,,
,,,
,,,
,,,
,,,
,,,
,,,
,,,
,0.103362854,0.127337211,
,,,
,0.104291092,0.122951651,
,,,
,,,
,,,
,,,
,,,
,,,
,,,
,,,
,,,
,0.101160232,0.129028561,
,,,
,0.103577907,0.123467608,
,,,
,,,
,,,
,,,
,,,
,,,
,,,
,,,
,,,
,0.102196776,0.127497635,
,,,
,0.101525735,0.125723168,
,,,
,0.103790491,0.127370216,
,,,
,0.103294011,0.122988155,
,,,
,,,
,,,
,,,
,,,
,,,
,,,
,,,
,,,
,0.102266117,0.129666067,
,,,
,0.103220784,0.12425909,
,,,
,,,
,,,
,,,
,,,
,,,
,,,
,,,
,,,
,0.10190475,0.129232407,
,,,
,0.102889254,0.125674825,
,,,
,,,
,,,
,,,
,,,
,,,
,,,
,,,
,,,
,0.101386258,0.129631671,
,,,
,0.102315543,0.125198134,
,,,
,,,
,,,
,,,
,,,
,,,
,,,
,,,
,,,
,0.101746901,0.129340201,
,,,
,0.102934097,0.126401324,
,,,
,,,
,,,
,,,
,,,
,,,
,,,
,,,
,,,
,0.102594668,0.128786834,
,,,
,0.101667792,0.126793823,
,,,
,,,
,,,
,,,
,,,
,,,
,,,
,,,
,,,
,0.102910536,0.128495043,
,,,
,0.104277893,0.124433289,
,,,
,,,
,,,
,,,
,,,
,,,
,,,
,,,
,,,
,0.103137162,0.127271798,
,,,
,0.104442986,0.124660803,
,,,
,,,
,,,
,,,
,,,
,,,
,,,
,,,
,,,
,0.102132244,0.12889257,
,,,
,0.104532069,0.125618861,
,,,
,,,
,,,
,,,
,,,
,,,
,,,
,,,
,,,
,0.101677756,0.129385325,
,,,
,0.103534269,0.126388309,
,,,
,,,
,,,
,0.10439519,0.124620016,
,,,
,0.104418365,0.12383691,
,,,
,,,
,,,
,,,
,,,
,,,
,,,
,,,
,,,
,0.102357332,0.129645673,
,,,
,0.102293602,0.125625012,
,,,
,,,
,,,
,,,
,,,
,,,
,,,
,,,
,,,
,0.102646182,0.128355357,
,,,
,0.102903838,0.125950915,
,,,
,,,
,,,
,,,
,,,
,,,
,,,
,,,
,,,
,0.102476698,0.128647621,
,,,
,0.104085681,0.125060556,
,,,
,,,
,,,
,,,
,,,
,,,
,,,
,,,
,,,
,0.103074349,0.129302103,
,,,
,0.103741487,0.127406858,
,,,
,0.104137129,0.12753108,
,,,
,0.104673088,0.124246577,
,,,
,,,
,,,
,,,
,,,
,,,
,,,
,,,
,,,
,0.103627096,0.128706183,
,,,
,0.104681417,0.124970776,
,,,
,,,
,,,
,,,
,,,
,,,
,,,
,,,
,,,
,0.103228604,0.128201109,
,,,
,0.104365698,0.125932105,
,,,
,,,
,,,
,,,
,,,
,,,
,,,
,,,
,,,
,0.102548521,0.128620788,
,,,
,0.102925941,0.126729435,
,,,
,,,
,,,
,,,
,,,
,,,
,,,
,,,
,,,
,0.103592651,0.128284184,
,,,
,0.103615311,0.128059556,
,,,
,0.105180375,0.12720557,
,,,
,0.104256322,0.124662699,
,,,
,,,
,,,
,,,
,,,
,,,
,,,
,,,
,,,
,0.104389705,0.127733195,
,,,
,0.105144068,0.123962473,
,,,
,,,
,,,
,,,
,,,
,,,
,,,
,,,
,,,
,0.104151988,0.130198535,
,,,
,0.103616058,0.12635085,
,,,
,,,
,,,
,,,
,,,
,,,
,,,
,,,
,,,
,0.103115016,0.129518683,
,,,
,0.103270979,0.127107976,
,,,
,,,
,,,
,,,
,,,
,,,
,,,
,,,
,,,
,0.104257962,0.128755691,
,,,
,0.103936428,0.127579236,
,,,
,0.104404032,0.128153545,
,,,
,0.10496266,0.127011407,
,,,
,,,
,,,
,,,
,,,
,,,
,,,
,,,
,,,
,0.103392233,0.129158322,
,,,
,0.103326961,0.128056208,
,,,
,,,
,,,
,,,
,,,
,,,
,,,
,,,
,,,
,0.102306922,0.129636051,
,,,
,0.103863186,0.129212537,
,,,
,,,
,,,
,,,
,,,
,,,
,,,
,,,
,,,
,0.103273665,0.128161334,
,,,
,0.106574196,0.125236144,
,,,
,,,
,,,
,,,
,,,
,,,
,,,
,,,
,,,
,0.103841695,0.127989232,
,,,
,0.104522187,0.128981881,
,0.050642257,0.105922307,
,,,
,0.050498069,0.077443231,
,,,
,,,
,,,
,,,
,,,
,,,
,,,
,,,
,,,
,0.050492503,0.089688897,
,,,
,0.048707856,0.073633499,
,,,
,0.048621135,0.085726623,
,,,
,0.048280426,0.072156992,
,,,
,,,
,,,
,,,
,,,
,,,
,,,
,,,
,0.048371691,0.07969122,
,,,
,0.048783948,0.071169334,
,,,
,0.04797875,0.080588967,
,,,
,0.04761134,0.070080073,
,,,
,,,
,,,
,,,
,,,
,,,
,,,
,,,
,,,
,0.046659529,0.076273462,
,,,
,0.047827831,0.069534094,
,,,
,0.05043542,0.082627578,
,,,
,0.048715102,0.070416804,
,,,
,,,
,,,
,,,
,,,
,,,
,,,
,,,
,,,
,0.048852675,0.07841196,
,,,
,0.049349387,0.069383715,
,0.047967924,0.064971725,
,,,
,0.048428361,0.071507511,
,,,
,,,
,,,
,,,
,,,
,,,
,,,
,,,
,,,
,0.048561419,0.077285405,
,,,
,0.047853306,0.069039269,
,,,
,0.049660871,0.082445467,
,,,
,0.092717747,0.137872219,
,,,
,0.091207581,0.11624466,
,,,
,,,
,,,
,,,
,,,
,,,
,,,
,,,
,,,
,0.09038492,0.122937415,
,,,
,0.090169194,0.110198616,
,,,
,0.090637185,0.123590705,
,,,
,0.090730135,0.111529853,
,,,
,,,
,,,
,,,
,,,
,,,
,,,
,,,
,0.08977608,0.118142775,
,,,
,0.090248548,0.110233058,
,,,
,0.090006563,0.120897166,
,,,
,0.089615062,0.109049472,
,,,
,,,
,,,
,,,
,,,
,,,
,,,
,,,
,,,
,0.089468084,0.116332121,
,,,
,0.089438116,0.10870083,
,,,
,0.090707347,0.11828423,
,,,
,0.089855554,0.109081842,
,,,
,,,
,,,
,,,
,,,
,,,
,,,
,,,
,,,
,0.089873783,0.114738994,
,,,
,0.090065409,0.108551328,
,0.088171907,0.10415408,
,,,
,0.089450057,0.109309064,
,,,
,,,
,,,
,,,
,,,
,,,
,,,
,,,
,,,
,0.09016258,0.115826784,
,,,
,0.089407911,0.109366629,
,,,
,0.090388995,0.117675675,
,,,
,0.04012452,0.053763039,
,,,
,,,
,,,
,,,
,,,
,,,
,,,
,,,
,,,
,0.040842642,0.053035234,
,,,
,0.040718729,0.051126796,
,,,
,,,
,,,
,,,
,,,
,,,
,,,
,,,
,,,
,0.040351592,0.052189545,
,,,
,0.040699219,0.050643325,
,,,
,,,
,,,
,,,
,,,
,,,
,,,
,,,
,,,
,0.040231843,0.05154269,
,,,
,0.040505499,0.050697267,
,,,
,,,
,,,
,,,
,,,
,,,
,,,
,,,
,,,
,0.03999838,0.051636503,
,,,
,0.040611418,0.05008698,
,,,
,,,
,,,
,,,
,,,
,,,
,,,
,,,
,,,
,0.039787589,0.05212308,
,,,
,0.04172654,0.051916796,
,,,
,,,
,,,
,,,
,,,
,,,
,,,
,,,
,,,
,0.03914324,0.05158925,
,,,
,0.040710936,0.050947936,
,,,
,,,
,,,
,,,
,,,
,,,
,,,
,,,
,,,
,0.039289081,0.051161926,
,,,
,0.040793634,0.051031133,
,,,
,,,
,,,
,,,
,,,
,,,
,,,
,,,
,,,
,0.041306734,0.052891277,
,,,
,0.040724138,0.05065161,
,,,
,0.048745479,0.161763653,
,,,
,0.043338542,0.157944027,
,,,
,,,
,,,
,,,
,,,
,,,
,,,
,(0.04993924107250144-0.029292986079855882j),(0.04993924107250144+0.029292986079855882j),
,,,
,0.063817371,0.142608266,
,,,
,,,
,,,
,,,
,,,
,,,
,,,
,,,
,,,
,(0.09131086461416552-0.008052597399499057j),(0.09131086461416552+0.008052597399499057j),
,,,
,(0.08234891316262448-0.022577075672314314j),(0.08234891316262448+0.022577075672314314j),
,,,
,,,
,,,
,,,
,,,
,,,
,,,
,,,
,,,
,(0.08704709068864393-0.014743181821969856j),(0.08704709068864393+0.014743181821969856j),
,,,
,(0.08161887029141376-0.024860963384487754j),(0.08161887029141376+0.024860963384487754j),
,,,
,,,
,,,
,,,
,,,
,,,
,,,
,,,
,,,
,0.075916639,0.106821678,
,,,
,(0.06997578649953896-0.03540956964931328j),(0.06997578649953896+0.03540956964931328j),
,,,
,,,
,,,
,,,
,,,
,,,
,,,
,,,
,,,
,(0.08241814902922012-0.022224149442637422j),(0.08241814902922012+0.022224149442637422j),
,,,
,(0.06042629807036345-0.03892605001625892j),(0.06042629807036345+0.03892605001625892j),
,,,
,0.084580474,0.21244248,
,,,
,0.076175702,0.165053822,
,,,
,,,
,,,
,,,
,,,
,,,
,,,
,-9.68924E+14,2.05584E+15,
,,,
,-4986.050427,1862.230946,
,,,
,,,
,,,
,,,
,,,
,,,
,,,
,,,
,,,
,0.107278005,0.213959695,
,,,
,0.102682232,0.169022998,
,,,
,,,
,,,
,,,
,,,
,,,
,,,
,,,
,,,
,0.179841221,0.298463843,
,,,
,0.10809638,0.191336894,
,,,
,,,
,,,
,,,
,,,
,,,
,,,
,,,
,,,
,0.148646357,0.240850009,
,,,
,0.111587308,0.187477947,
,,,
,,,
,,,
,,,
,,,
,,,
,,,
,,,
,,,
,-98579.08687,-209.1081284,
,,,
,-5470.683829,2784.356689,
,,,
,0.078448153,0.190476363,
,,,
,0.072504595,0.173360961,
,,,
,,,
,,,
,,,
,,,
,,,
,,,
,-127177.8465,181.0183208,
,,,
,-1132.498054,58358.57547,
,,,
,,,
,,,
,,,
,,,
,,,
,,,
,,,
,,,
,188.8379461,72573.33687,
,,,
,-5756.374362,2179.050309,
,,,
,,,
,,,
,,,
,,,
,,,
,,,
,,,
,,,
,-3202.876481,19128.665,
,,,
,-7997.932807,1148.346259,
,,,
,,,
,,,
,,,
,,,
,,,
,,,
,,,
,,,
,329.1980268,9938.398806,
,,,
,448.2291203,39358.51455,
,,,
,,,
,,,
,,,
,,,
,,,
,,,
,,,
,,,
,-97766.3618,3335.174892,
,,,
,-4050.754453,3322.117107,
,,,
,0.071369487,0.218351387,
,,,
,0.063884445,0.165055266,
,,,
,,,
,,,
,,,
,,,
,,,
,,,
,(0.08640994631573766-0.0371087352306254j),(0.08640994631573766+0.0371087352306254j),
,,,
,0.079318212,0.185092314,
,,,
,,,
,,,
,,,
,,,
,,,
,,,
,,,
,,,
,0.086616472,0.155932995,
,,,
,0.075256061,0.190229093,
,,,
,,,
,,,
,,,
,,,
,,,
,,,
,,,
,,,
,0.080678449,0.166492021,
,,,
,0.078180228,0.164676029,
,,,
,,,
,,,
,,,
,,,
,,,
,,,
,,,
,,,
,0.082476618,0.175701757,
,,,
,0.082221734,0.159444695,
,,,
,,,
,,,
,,,
,,,
,,,
,,,
,,,
,,,
,0.081364735,0.161248586,
,,,
,0.080366488,0.151889076,
,,,
,,,
,,,
,,,
,,,
,,,
,,,
,,,
,,,
,,,
,,,
,,,
,,,
,,,
,,,
,,,
,,,
,,,
,,,
,,,
,,,
,,,
,,,
,,,
,,,
,,,
,,,
,,,
,,,
,,,
,,,
,,,
,,,
,,,
,,,
,,,
,,,
,,,
,,,
,,,
,0.06123359,0.078541539,
,,,
,0.065616849,0.088683208,
,,,
,0.060629915,0.078024094,
,,,
,0.062625073,0.085337255,
,,,
,0.060859872,0.078402402,
,,,
,0.062249571,0.084408497,
,,,
,0.060064508,0.078070934,
,,,
,0.062201024,0.084370846,
,,,
,0.059131309,0.077955708,
,,,
,0.062073502,0.08384186,
,,,
,0.060596988,0.079381826,
,,,
,0.062005955,0.082433469,
,,,
,0.060435509,0.079494093,
,,,
,0.062518173,0.084137907,
,,,
,0.05988227,0.078712184,
,,,
,0.060953271,0.082692886,
,,,
,0.060587215,0.079895339,
,,,
,0.062365641,0.083890546,
,,,
,0.060908365,0.079749075,
,,,
,0.062387656,0.084274475,
,,,
,0.060369152,0.080145068,
,,,
,0.062091447,0.08164303,
,,,
,,,
,,,
,0.063565362,0.081508344,
,,,
,0.062320032,0.080211692,
,,,
,0.062941682,0.081991726,
,,,
,0.061891223,0.081208058,
,,,
,0.062865407,0.081446827,
,,,
,0.061716421,0.081501652,
,,,
,0.062915246,0.082771166,
,,,
,0.061998785,0.08138761,
,,,
,0.063077623,0.082871469,
,,,
,0.062504061,0.081691247,
,,,
,0.062799586,0.081846834,
,,,
,0.062013887,0.081316101,
,,,
,0.063083601,0.082642577,
,,,
,0.061830192,0.081204352,
,,,
,0.063132906,0.083721758,
,,,
,0.062826947,0.083471578,
,,,
,0.063363524,0.083797554,
,,,
,0.063498176,0.083854887,
,,,
,0.062640787,0.082990283,
,,,
,0.06094514,0.082015905,
,,,
,0.063950853,0.083268404,
,,,
,0.06391758,0.082165717,
,,,
,0.061914443,0.082794427,
,,,
,0.06223664,0.082275195,
,,,
,,,
,,,
,0.06368589,0.084109803,
,,,
,0.062031064,0.083191777,
,,,
,0.063941395,0.084395906,
,,,
,0.06250649,0.084268481,
,,,
,0.063340748,0.08443326,
,,,
,0.062615333,0.083972178,
,,,
,,,
,,,
,0.065985148,0.082059084,
,,,
,0.064572462,0.080342293,
,,,
,0.065842654,0.082284679,
,,,
,0.063686158,0.08236364,
,,,
,0.065862995,0.084048164,
,,,
,0.062912098,0.082141023,
,,,
,0.064454463,0.083727292,
,,,
,0.063667412,0.082969567,
,,,
,0.06449971,0.084391161,
,,,
,0.064545869,0.083905582,
,,,
,0.064622221,0.083478743,
,,,
,0.064417308,0.083320803,
,,,
,0.065357446,0.083722848,
,,,
,0.065173629,0.084781553,
,,,
,0.06573741,0.086400819,
,,,
,0.06359516,0.084184922,
,,,
,0.06569551,0.085284154,
,,,
,0.065285475,0.086050414,
,,,
,0.06608858,0.086973816,
,,,
,0.066533963,0.08674822,
,,,
,0.067391855,0.086111889,
,,,
,0.066341125,0.087205583,
,,,
,0.067145754,0.086327707,
,,,
,0.065909962,0.087128341,
,,,
,0.066562184,0.087630255,
,,,
,0.066056236,0.087562856,
,,,
,0.066830418,0.088130497,
,,,
,0.065902743,0.088208591,
,,,
,0.067122865,0.089524814,
,,,
,0.067911721,0.088315096,
,,,
,0.06804768,0.088189186,
,,,
,0.066743773,0.088579682,
,,,
,,,
,,,
,0.067873715,0.089348912,
,,,
,0.066412975,0.089503237,
,,,
,0.068423786,0.090155537,
,,,
,0.066868685,0.089810214,
,,,
,0.068264173,0.090407709,
,,,
,0.067563898,0.090932827,
,,,
,0.067747039,0.090156344,
,,,
,0.067679166,0.090975187,
,,,
,0.068609346,0.090686874,
,,,
,0.067972693,0.09232411,
,,,
,0.068566283,0.090280171,
,,,
,0.068333547,0.09201669,
,,,
,0.068381656,0.090971138,
,,,
,0.068851361,0.092582255,
,,,
,0.069364552,0.091113078,
,,,
,0.069066469,0.093490961,
,,,
,0.06981284,0.091543238,
,,,
,0.068709147,0.093877305,
,,,
,0.069725348,0.091615653,
,,,
,0.069525956,0.09418623,
,,,
,0.069230264,0.092337381,
,,,
,0.068252315,0.093439801,
,,,
,0.068917861,0.091493577,
,,,
,0.069603304,0.09561343,
,,,
,,,
,,,
,0.070577145,0.092426903,
,,,
,0.06944384,0.095086744,
,,,
,0.069835955,0.092485651,
,,,
,0.069240926,0.095411475,
,,,
,0.069900135,0.093435653,
,,,
,0.070180237,0.095800536,
,,,
,0.070737731,0.094520665,
,,,
,0.070321125,0.095301766,
,,,
,0.070841828,0.093792265,
,,,
,0.06930781,0.094548131,
,,,
,0.071778945,0.092339338,
,,,
,0.070660125,0.095580339,
,,,
,0.070907297,0.092697975,
,,,
,0.070487966,0.096374847,
,,,
,0.070184639,0.093511397,
,,,
,0.071253158,0.096933086,
,,,
,0.07186744,0.094651598,
,,,
,0.072908817,0.096858776,
,,,
,0.071820203,0.094062896,
,,,
,0.072510367,0.096601591,
,,,
,0.07177478,0.095320035,
,,,
,0.07088794,0.097407414,
,,,
,0.07036837,0.092743303,
,0.071414732,0.096149206,
,,,
,0.070751528,0.090481963,
,,,
,,,
,0.070831505,0.090666041,
,,,
,0.070304139,0.093052936,
,,,
,0.07118362,0.092823559,
,,,
,0.071566718,0.093670239,
,,,
,0.07131587,0.092630703,
,,,
,0.072350576,0.09440346,
,,,
,0.070826995,0.092491351,
,,,
,0.070337883,0.095070923,
,,,
,0.071299057,0.093064988,
,,,
,0.071483161,0.095468316,
,,,
,0.07153178,0.093955417,
,,,
,0.071778782,0.096789159,
,,,
,0.072104701,0.094269037,
,,,
,0.072176591,0.097315481,
,,,
,0.072540469,0.095116257,
,,,
,0.072757739,0.0974237,
,,,
,0.0724242,0.094198211,
,,,
,0.071611967,0.096182675,
,,,
,0.071772749,0.094312693,
,,,
,0.072362857,0.098006082,
,,,
,0.07197325,0.094039948,
,,,
,0.072171879,0.097544207,
,,,
,0.07218496,0.094364324,
,,,
,0.073275141,0.098167564,
,,,
,0.072553444,0.094000396,
,,,
,,,
,0.072798985,0.093519229,
,,,
,0.073742212,0.096820117,
,,,
,0.072306264,0.093733184,
,,,
,0.073511819,0.097848406,
,,,
,0.073148161,0.094501171,
,,,
,0.073630951,0.098720748,
,,,
,0.072586989,0.09427672,
,,,
,0.074837203,0.098555955,
,,,
,0.072310627,0.094373787,
,,,
,0.074228807,0.097945834,
,,,
,0.071856607,0.093763234,
,,,
,0.073592629,0.097942634,
,,,
,0.073555303,0.094814935,
,,,
,0.074289615,0.09782804,
,,,
,0.073777422,0.09550762,
,,,
,0.074362473,0.100297485,
,,,
,0.072808937,0.094668254,
,,,
,0.073088192,0.100285527,
,,,
,0.074239884,0.094558518,
,,,
,0.07390566,0.100348264,
,,,
,0.073512511,0.094559283,
,,,
,0.074064864,0.099036584,
,,,
,0.072907678,0.095001669,
,,,
,0.074340666,0.100679082,
,,,
,0.072763514,0.095272186,
,,,
,0.074983586,0.10038096,
,,,
,0.072809045,0.094174699,
,,,
,0.073634226,0.100343414,
,,,
,0.073662168,0.094012527,
,,,
,0.074956546,0.098674878,
,,,
,0.073004732,0.094884192,
,,,
,0.075132938,0.099885185,
,,,
,,,
,,,
,0.074564154,0.09465513,
,,,
,0.075928044,0.100329707,
,,,
,0.073433074,0.094964612,
,,,
,0.075508718,0.101160733,
,,,
,0.074016837,0.095985149,
,,,
,0.0746096,0.101458924,
,,,
,0.073924621,0.095969908,
,,,
,0.074879603,0.100603352,
,,,
,0.073504396,0.096120153,
,,,
,0.075280609,0.102545188,
,,,
,0.072642083,0.095341133,
,,,
,0.074995564,0.101387379,
,,,
,0.07312,0.095923118,
,,,
,0.076358571,0.101431773,
,,,
,0.073527734,0.097229711,
,,,
,0.074776865,0.102808876,
,,,
,0.073652214,0.09623949,
,,,
,0.076011291,0.102074953,
,,,
,0.073870828,0.09642311,
,,,
,0.076323375,0.102432021,
,,,
,0.073571819,0.097590594,
,,,
,0.074995446,0.102596306,
,,,
,0.074576922,0.098332863,
,,,
,0.076559107,0.103018005,
,,,
,,,
,,,
,,,
,,,
,0.073485342,0.097215079,
,,,
,0.076278165,0.102092853,
,,,
,0.072007982,0.094672216,
,,,
,0.076281051,0.101230499,
,,,
,0.073408538,0.096468179,
,,,
,0.075591496,0.101700482,
,,,
,0.073689756,0.097036785,
,,,
,0.07436927,0.10195117,
,,,
,0.072518241,0.094655912,
,,,
,0.075549464,0.103390555,
,,,
,0.073830148,0.097708827,
,,,
,0.075437809,0.101902225,
,,,
,0.07329562,0.097010975,
,,,
,0.075283048,0.102127999,
,,,
,0.073587004,0.098470069,
,,,
,0.075042658,0.102348097,
,,,
,0.072998302,0.096748046,
,,,
,0.074930833,0.103165304,
,,,
,0.073176714,0.097890063,
,,,
,0.075559181,0.101715578,
,,,
,0.073306718,0.098672037,
,,,
,0.075291359,0.103990506,
,,,
,0.073814974,0.099667171,
,,,
,0.076958887,0.102781418,
,,,
,0.074916834,0.097409131,
,,,
,0.075824542,0.104106371,
,,,
,0.073197331,0.098637877,
,,,
,0.075911916,0.104943852,
,,,
,0.07412388,0.09846761,
,,,
,0.076292972,0.106471263,
,,,
,0.074449448,0.097634904,
,,,
,,,
,0.07429802,0.097272497,
,,,
,0.075287619,0.101312818,
,,,
,0.073264145,0.09485788,
,,,
,0.075250915,0.102631142,
,,,
,0.072953386,0.097091715,
,,,
,0.075795558,0.103376224,
,,,
,0.072299899,0.097268516,
,,,
,0.076343146,0.104593794,
,,,
,0.072081934,0.096327527,
,,,
,0.075485748,0.104156702,
,,,
,0.074020498,0.099215294,
,,,
,0.075678174,0.104989416,
,,,
,0.074519021,0.097222415,
,,,
,0.076397306,0.106255585,
,,,
,0.07424019,0.09804576,
,,,
,0.075540896,0.103251994,
,,,
,0.075126993,0.097601521,
,,,
,0.077585559,0.104731138,
,,,
,0.073003047,0.099861215,
,,,
,0.079140995,0.104105975,
,,,
,0.073379116,0.100124399,
,,,
,0.077034804,0.104302536,
,,,
,0.074006387,0.100582142,
,,,
,0.075586573,0.105450229,
,,,
,0.074457313,0.097717653,
,,,
,0.07680024,0.105058389,
,,,
,0.074049619,0.100042653,
,,,
,0.077733795,0.105525841,
,,,
,0.073453567,0.099584334,
,,,
,0.076497585,0.106683603,
,,,
,0.074291812,0.101457707,
,,,
,0.076934451,0.105898123,
,,,
,,,
,,,
,0.073589368,0.09999474,
,,,
,,,
,,,
,,,
,,,
,,,
,,,
,,,
,,,
,,,
,,,
,,,
,,,
,,,
,,,
,,,
,,,
,,,
,,,
,,,
,,,
,,,
,,,
,,,
,,,
,,,
,,,
,,,
,,,
,,,
,,,
,,,
,,,
,,,
,,,
,,,
,,,
,,,
,,,
,,,
,,,
,0.0446687,0.069456273,
,,,
,0.046687002,0.076274741,
,,,
,0.044843431,0.067972056,
,,,
,0.04619469,0.074533889,
,,,
,0.045101149,0.068528329,
,,,
,0.045990745,0.073426641,
,,,
,0.044172076,0.068044495,
,,,
,0.045217109,0.074647784,
,,,
,0.043786628,0.068450212,
,,,
,0.044909945,0.073956876,
,,,
,0.044639322,0.068341011,
,,,
,0.047170441,0.072081122,
,,,
,0.043558786,0.068682377,
,,,
,0.046489697,0.071029093,
,,,
,0.045265478,0.068143725,
,,,
,0.046362237,0.071930299,
,,,
,0.044483716,0.067825557,
,,,
,0.044827913,0.07288827,
,,,
,0.044414165,0.068858052,
,,,
,0.044664507,0.072786824,
,,,
,0.044535446,0.067794347,
,,,
,0.045021352,0.069404082,
,,,
,,,
,,,
,0.046106466,0.070410833,
,,,
,0.046462516,0.069937743,
,,,
,0.047667325,0.06870142,
,,,
,0.047723855,0.069504175,
,,,
,0.047867695,0.067828515,
,,,
,0.04694023,0.069661212,
,,,
,0.045613419,0.06903863,
,,,
,0.047027982,0.071129467,
,,,
,0.046728872,0.0697113,
,,,
,0.04775538,0.071670796,
,,,
,0.046916225,0.069133436,
,,,
,0.047022939,0.069766962,
,,,
,0.046604793,0.068522152,
,,,
,0.04624537,0.071924899,
,,,
,0.04683294,0.069468969,
,,,
,0.046186103,0.071937871,
,,,
,0.046241367,0.069349169,
,,,
,0.04773737,0.070339584,
,,,
,0.049427483,0.069549836,
,,,
,0.048383342,0.069738127,
,,,
,0.047478417,0.064882972,
,,,
,0.04803751,0.070125114,
,,,
,0.047703621,0.06859813,
,,,
,0.04808696,0.069713464,
,,,
,,,
,,,
,0.048151047,0.067722078,
,,,
,0.047547282,0.073180099,
,,,
,0.047590134,0.069142729,
,,,
,0.047640921,0.071652473,
,,,
,0.047640241,0.068982779,
,,,
,0.04842437,0.072499837,
,,,
,,,
,,,
,0.048933862,0.067959902,
,,,
,0.049430746,0.070140754,
,,,
,0.049323007,0.068956429,
,,,
,0.049748225,0.071129938,
,,,
,0.049122029,0.068909568,
,,,
,0.049884866,0.071983028,
,,,
,0.047859449,0.069772556,
,,,
,0.049216381,0.071463744,
,,,
,0.04887229,0.068768092,
,,,
,0.049945939,0.070887043,
,,,
,0.048296439,0.067315147,
,,,
,0.048969605,0.071781685,
,,,
,0.048147092,0.068415892,
,,,
,0.050229376,0.071831924,
,,,
,0.0484543,0.067779351,
,,,
,0.049715267,0.071390272,
,,,
,0.048680253,0.065834448,
,,,
,0.049132166,0.072451869,
,,,
,0.049918729,0.068764633,
,,,
,0.049209683,0.073040251,
,,,
,0.04943665,0.068923009,
,,,
,0.049506316,0.072510829,
,,,
,0.04940334,0.068648462,
,,,
,0.048651763,0.072017621,
,,,
,0.04915502,0.069130869,
,,,
,0.049165756,0.073169936,
,,,
,0.048701613,0.068594555,
,,,
,0.049234273,0.072771207,
,,,
,0.048856773,0.068715708,
,,,
,0.050547586,0.072708668,
,,,
,0.050649759,0.068535361,
,,,
,0.050118815,0.073010411,
,,,
,,,
,,,
,0.049132427,0.069330325,
,,,
,0.049792567,0.073436504,
,,,
,0.049633136,0.068814297,
,,,
,0.049865378,0.07321339,
,,,
,0.04892129,0.068839314,
,,,
,0.049811933,0.074596186,
,,,
,0.049751257,0.068638924,
,,,
,0.048506735,0.074583098,
,,,
,0.049159182,0.069067345,
,,,
,0.050023074,0.073663839,
,,,
,0.049708087,0.068300061,
,,,
,0.05020469,0.073718858,
,,,
,0.048950661,0.069632674,
,,,
,0.049758573,0.074656178,
,,,
,0.049808396,0.069022988,
,,,
,0.049686755,0.073554258,
,,,
,0.050594114,0.068583285,
,,,
,0.049950057,0.074622943,
,,,
,0.04984421,0.070140701,
,,,
,0.050282564,0.073603911,
,,,
,0.050062702,0.06979118,
,,,
,0.049920078,0.074642063,
,,,
,0.049214459,0.069908363,
,,,
,0.050079964,0.075477109,
,,,
,,,
,,,
,0.054692185,0.074645994,
,,,
,0.054873202,0.079344036,
,,,
,0.054156753,0.075058437,
,,,
,0.0552405,0.080023594,
,,,
,0.05454281,0.075923792,
,,,
,0.055080368,0.080450082,
,,,
,0.053398672,0.075628896,
,,,
,0.054845785,0.080995279,
,,,
,0.055453259,0.074839229,
,,,
,0.058089493,0.079006114,
,,,
,0.057038499,0.074454194,
,,,
,0.056399994,0.08181492,
,,,
,0.056951773,0.077069356,
,,,
,0.057159148,0.080866966,
,,,
,0.055958646,0.076095696,
,,,
,0.056998794,0.082501008,
,,,
,0.056990109,0.07648289,
,,,
,0.057915947,0.081750571,
,,,
,0.057000769,0.077411245,
,,,
,0.058583189,0.082694165,
,,,
,0.057282565,0.076920277,
,,,
,0.056844112,0.082272626,
,,,
,0.05895292,0.077351702,
,0.056672035,0.082915733,
,,,
,0.058223362,0.076150921,
,,,
,,,
,0.057798377,0.075189717,
,,,
,0.058693616,0.08099674,
,,,
,0.058100536,0.076046399,
,,,
,0.056873551,0.080792348,
,,,
,0.057819391,0.076207923,
,,,
,0.058401227,0.081616634,
,,,
,0.057295976,0.076031158,
,,,
,0.057139262,0.082030427,
,,,
,0.057011916,0.077937531,
,,,
,0.056846751,0.084309349,
,,,
,0.057391605,0.07732083,
,,,
,0.059714583,0.081280779,
,,,
,0.056694012,0.077563225,
,,,
,0.057876489,0.08276216,
,,,
,0.057113637,0.078899734,
,,,
,0.057106053,0.083893392,
,,,
,0.058410674,0.077879428,
,,,
,0.058324401,0.082335608,
,,,
,0.05720659,0.078141817,
,,,
,0.058539887,0.082599574,
,,,
,0.056869595,0.078519711,
,,,
,0.057610002,0.083617694,
,,,
,0.057589278,0.078584839,
,,,
,0.056877441,0.0845363,
,,,
,0.058412258,0.078166229,
,,,
,,,
,0.058982856,0.078408698,
,,,
,0.060197891,0.083773466,
,,,
,0.058432815,0.078786121,
,,,
,0.059883524,0.083611568,
,,,
,0.060816759,0.080383888,
,,,
,0.05887512,0.083705624,
,,,
,0.058641306,0.078563276,
,,,
,0.058445186,0.084351377,
,,,
,0.059257113,0.080027433,
,,,
,0.060551211,0.083280515,
,,,
,0.058778018,0.079183375,
,,,
,0.059950256,0.083190436,
,,,
,0.058352278,0.079647104,
,,,
,0.059565013,0.084870114,
,,,
,0.058938187,0.079537921,
,,,
,0.059853349,0.084739177,
,,,
,0.058489683,0.079643705,
,,,
,0.05874548,0.087117214,
,,,
,0.061340608,0.07733665,
,,,
,0.060837671,0.084909028,
,,,
,0.058342718,0.079942462,
,,,
,0.059937628,0.084799502,
,,,
,0.059795342,0.079646827,
,,,
,0.059595887,0.085187752,
,,,
,0.059203982,0.080071811,
,,,
,0.058400744,0.086329382,
,,,
,0.061343894,0.079892905,
,,,
,0.062605064,0.085021119,
,,,
,0.058819862,0.079148548,
,,,
,0.061151954,0.084855776,
,,,
,0.060462462,0.080926684,
,,,
,0.059630601,0.085034568,
,,,
,,,
,,,
,0.061607386,0.080201275,
,,,
,0.06098667,0.085839769,
,,,
,0.060802702,0.081852557,
,,,
,0.061004257,0.085884361,
,,,
,0.061470756,0.081707522,
,,,
,0.062329148,0.088221611,
,,,
,0.06214104,0.081770991,
,,,
,0.061502763,0.087269906,
,,,
,0.05963115,0.082576006,
,,,
,0.06141908,0.087203783,
,,,
,0.061083513,0.082399948,
,,,
,0.061216651,0.087281926,
,,,
,0.061483874,0.082695797,
,,,
,0.06270407,0.086791118,
,,,
,0.061708886,0.083291697,
,,,
,0.061726136,0.088377926,
,,,
,0.060888899,0.083110383,
,,,
,0.061852237,0.086979222,
,,,
,0.061067435,0.083754352,
,,,
,0.063103581,0.088522346,
,,,
,0.06084445,0.083082255,
,,,
,0.062287461,0.089230876,
,,,
,0.063515949,0.084118164,
,,,
,0.062705499,0.088387245,
,,,
,,,
,,,
,,,
,,,
,0.056098763,0.075180313,
,,,
,0.053286382,0.081568566,
,,,
,0.054387775,0.076041923,
,,,
,0.052931475,0.082756934,
,,,
,0.054476477,0.076731405,
,,,
,0.055889293,0.082263211,
,,,
,0.055996079,0.076514408,
,,,
,0.058417784,0.080298095,
,,,
,0.052279966,0.074866151,
,,,
,0.056411433,0.081922312,
,,,
,0.053508045,0.076104194,
,,,
,0.05568016,0.081773991,
,,,
,0.053892806,0.077783096,
,,,
,0.056210258,0.083280672,
,,,
,0.055002613,0.077055254,
,,,
,0.055794521,0.082950121,
,,,
,0.055477937,0.077001674,
,,,
,0.057799715,0.081903032,
,,,
,0.055131598,0.077055656,
,,,
,0.055775295,0.082946741,
,,,
,0.055811439,0.076551938,
,,,
,0.056559391,0.082374901,
,,,
,0.055173391,0.077302239,
,,,
,0.053344247,0.084485622,
,,,
,0.056203383,0.078435749,
,,,
,0.056262479,0.083066231,
,,,
,0.054122849,0.078534391,
,,,
,0.05339425,0.083356355,
,,,
,0.055458238,0.078660694,
,,,
,0.058545252,0.088368852,
,,,
,0.057849417,0.080787739,
,,,
,,,
,0.058614996,0.081546514,
,,,
,0.061423857,0.084963904,
,,,
,0.055145907,0.081319221,
,,,
,0.05952338,0.087208331,
,,,
,0.060395219,0.081186491,
,,,
,0.059261591,0.087778687,
,,,
,0.058373322,0.081686886,
,,,
,0.059523785,0.088430078,
,,,
,0.058915318,0.08242889,
,,,
,0.059676648,0.08584375,
,,,
,0.056793081,0.08277242,
,,,
,0.059759885,0.086624836,
,,,
,0.061548802,0.081666501,
,,,
,0.059502592,0.086368829,
,,,
,0.058157857,0.080766384,
,,,
,0.059555981,0.088218315,
,,,
,0.059982424,0.080408376,
,,,
,0.059491365,0.088730298,
,,,
,0.060321216,0.080340961,
,,,
,0.060521149,0.08753624,
,,,
,0.059606814,0.082195084,
,,,
,0.059826779,0.088538019,
,,,
,0.061154671,0.081299514,
,,,
,0.057944394,0.088905199,
,,,
,0.054994835,0.083252513,
,,,
,0.061759312,0.084721273,
,,,
,0.058456129,0.082701937,
,,,
,0.05898908,0.085736219,
,,,
,0.058800844,0.082369834,
,,,
,0.057630297,0.087423893,
,,,
,0.058983889,0.082522118,
,,,
,0.057823749,0.08975687,
,,,
,,,
,,,
,0.050035732,0.074792346,
,,,
,,,
,,,
,,,
,,,
,,,
,,,
,,,
,,,
,,,
,,,
,,,
,,,
,,,
,,,
,,,
,,,
,,,
,,,
,,,
,,,
,,,
,,,
,,,
,,,
,,,
,,,
,,,
,,,
,,,
,,,
,,,
,,,
,,,
,,,
,,,
,,,
,,,
,,,
,,,
,,,
,0.038168136,0.061580946,
,,,
,0.0423522,0.079462057,
,,,
,0.039713123,0.061806543,
,,,
,0.041719282,0.080850993,
,,,
,0.038401464,0.061001304,
,,,
,0.041725543,0.073242524,
,,,
,0.037105177,0.060075651,
,,,
,0.039929524,0.07752549,
,,,
,0.037833946,0.06129376,
,,,
,0.040868281,0.076838696,
,,,
,0.037520425,0.060073134,
,,,
,0.041698657,0.072072968,
,,,
,0.037397271,0.061233072,
,,,
,0.039986769,0.073636744,
,,,
,0.03591968,0.060570691,
,,,
,0.041468249,0.069543038,
,,,
,0.037385799,0.061317376,
,,,
,0.040910537,0.069738132,
,,,
,0.037890588,0.060328759,
,,,
,0.040097249,0.072881452,
,,,
,0.03715723,0.061034793,
,,,
,0.04119202,0.068483567,
,,,
,,,
,,,
,0.041056696,0.070659971,
,,,
,0.041759405,0.064456088,
,,,
,0.041194598,0.070220955,
,,,
,0.042327048,0.064141509,
,,,
,0.03996874,0.068124741,
,,,
,0.039672864,0.06333755,
,,,
,0.039794108,0.068779455,
,,,
,0.040465367,0.063972252,
,,,
,0.040939018,0.066752231,
,,,
,0.040830995,0.062922235,
,,,
,0.041067364,0.06628503,
,,,
,0.040787012,0.063388585,
,,,
,0.041661709,0.068163578,
,,,
,0.039817359,0.064466896,
,,,
,0.040333531,0.065520223,
,,,
,0.038790988,0.062809879,
,,,
,0.039800321,0.065013295,
,,,
,0.041358499,0.064093096,
,,,
,0.040681614,0.064802028,
,,,
,0.041988132,0.062907437,
,,,
,0.040691763,0.064032248,
,,,
,0.041063557,0.061830188,
,,,
,0.04036112,0.063591817,
,,,
,0.039709569,0.063083169,
,,,
,,,
,,,
,0.047250205,0.072725861,
,,,
,0.046588698,0.069386964,
,,,
,0.046165352,0.071405163,
,,,
,0.045058967,0.069280517,
,,,
,0.045883973,0.069260072,
,,,
,0.045813848,0.06966533,
,,,
,,,
,,,
,0.049221458,0.071342638,
,,,
,0.048886554,0.069685144,
,,,
,0.048395137,0.071351595,
,,,
,0.048055222,0.069886419,
,,,
,0.048800607,0.070551583,
,,,
,0.047509201,0.07037254,
,,,
,0.047771008,0.070711826,
,,,
,0.048179914,0.07048008,
,,,
,0.048070947,0.071684962,
,,,
,0.048532407,0.070349524,
,,,
,0.048129257,0.071036229,
,,,
,0.049746255,0.070959603,
,,,
,0.049053501,0.071650551,
,,,
,0.049893628,0.069887505,
,,,
,0.047713851,0.07104861,
,,,
,0.047620933,0.069596375,
,,,
,0.047993983,0.0715534,
,,,
,0.046479962,0.071098052,
,,,
,0.04743838,0.070116018,
,,,
,0.04796925,0.070892511,
,,,
,0.048992221,0.070408149,
,,,
,0.048225418,0.070976916,
,,,
,0.048214701,0.069616872,
,,,
,0.04908955,0.070228737,
,,,
,0.047912973,0.069481202,
,,,
,0.048817414,0.071894074,
,,,
,0.047610408,0.070361215,
,,,
,0.048892195,0.070126051,
,,,
,0.048347238,0.07029953,
,,,
,0.047423219,0.069077619,
,,,
,0.050111226,0.069600733,
,,,
,0.048460438,0.070837534,
,,,
,,,
,,,
,0.048745284,0.072489475,
,,,
,0.04890922,0.072243753,
,,,
,0.048348014,0.07007228,
,,,
,0.050493415,0.071477928,
,,,
,0.047906146,0.070766567,
,,,
,0.049653808,0.072815113,
,,,
,0.048156313,0.070314877,
,,,
,0.049804699,0.071836932,
,,,
,0.048718665,0.070731108,
,,,
,0.049601421,0.072121141,
,,,
,0.048309782,0.07064085,
,,,
,0.04933287,0.072637844,
,,,
,0.048022007,0.071076342,
,,,
,0.04824515,0.073444173,
,,,
,0.048878564,0.070679796,
,,,
,0.050015129,0.073819366,
,,,
,0.049124437,0.070042531,
,,,
,0.047456706,0.07255601,
,,,
,0.048937133,0.071098768,
,,,
,0.048886407,0.072898684,
,,,
,0.049111039,0.071475602,
,,,
,0.049042405,0.072023713,
,,,
,0.050301513,0.073820117,
,,,
,0.048619817,0.072234706,
,,,
,,,
,,,
,0.048585908,0.072234124,
,,,
,0.048307392,0.07449611,
,,,
,0.048768588,0.070645675,
,,,
,0.048077141,0.074037703,
,,,
,0.048124193,0.072189492,
,,,
,0.048897202,0.071936745,
,,,
,0.048287688,0.071193192,
,,,
,0.050605193,0.074004711,
,,,
,0.051889859,0.073379688,
,,,
,0.055132275,0.074631884,
,,,
,0.053148108,0.074197859,
,,,
,0.052122387,0.075303358,
,,,
,0.051886743,0.073316812,
,,,
,0.050775718,0.074963785,
,,,
,0.0512788,0.074134046,
,,,
,0.051267249,0.075411597,
,,,
,0.051620748,0.074567607,
,,,
,0.051355679,0.074964965,
,,,
,0.05218774,0.073026461,
,,,
,0.051948957,0.074699068,
,,,
,0.051323546,0.073940565,
,,,
,0.051286675,0.07539484,
,,,
,0.052841857,0.073858065,
,0.055028138,0.077059202,
,,,
,0.055272662,0.076664816,
,,,
,,,
,0.053784131,0.076307047,
,,,
,0.053241023,0.07558335,
,,,
,0.054786505,0.077431912,
,,,
,0.0527347,0.075742628,
,,,
,0.0542769,0.075171256,
,,,
,0.05410167,0.07605862,
,,,
,0.053355551,0.076241997,
,,,
,0.053379438,0.076876925,
,,,
,0.055185125,0.076733433,
,,,
,0.05523767,0.078843811,
,,,
,0.053994134,0.077739886,
,,,
,0.054439338,0.077854205,
,,,
,0.055109377,0.076230698,
,,,
,0.054054876,0.078211056,
,,,
,0.054790702,0.077131659,
,,,
,0.053353227,0.078198673,
,,,
,0.053728503,0.076126746,
,,,
,0.053547797,0.077998405,
,,,
,0.053428804,0.074753966,
,,,
,0.054296311,0.077556056,
,,,
,0.054661842,0.078460159,
,,,
,0.054140508,0.07849104,
,,,
,0.053882402,0.077478557,
,,,
,0.054977362,0.078638734,
,,,
,0.054276164,0.075377759,
,,,
,,,
,0.05377475,0.076163093,
,,,
,0.054523978,0.07817279,
,,,
,0.05318054,0.075462141,
,,,
,0.054412388,0.078168066,
,,,
,0.05409519,0.076843632,
,,,
,0.054512192,0.076510546,
,,,
,0.056164422,0.077699325,
,,,
,0.052351912,0.077256495,
,,,
,0.055616723,0.07570816,
,,,
,0.05558277,0.077234772,
,,,
,0.054893316,0.078441785,
,,,
,0.054740893,0.079018416,
,,,
,0.055599757,0.076234538,
,,,
,0.055237233,0.079939313,
,,,
,0.053962742,0.07868889,
,,,
,0.057265348,0.079423122,
,,,
,0.054114632,0.076129609,
,,,
,0.051070648,0.078764847,
,,,
,0.052453053,0.078368883,
,,,
,0.055088579,0.078067012,
,,,
,0.05329103,0.077741801,
,,,
,0.055778574,0.078242698,
,,,
,0.05374268,0.077670306,
,,,
,0.058454793,0.078088377,
,,,
,0.054644894,0.078200494,
,,,
,0.054872898,0.081143138,
,,,
,0.058284193,0.07844623,
,,,
,0.056899176,0.078872208,
,,,
,0.054289877,0.07797181,
,,,
,0.055742851,0.080056856,
,,,
,0.056765632,0.078366563,
,,,
,0.054464348,0.077919835,
,,,
,,,
,,,
,0.059681208,0.079514936,
,,,
,0.056042584,0.079913272,
,,,
,0.057541453,0.081491278,
,,,
,0.05719698,0.081853195,
,,,
,0.056906825,0.080004304,
,,,
,0.05533954,0.080866691,
,,,
,0.056702682,0.081277589,
,,,
,0.057050603,0.081538404,
,,,
,0.057535054,0.077130775,
,,,
,0.057761617,0.082066002,
,,,
,0.057686949,0.080220884,
,,,
,0.057585489,0.082933478,
,,,
,0.057703478,0.081269258,
,,,
,0.056706663,0.082688065,
,,,
,0.057231556,0.082695025,
,,,
,0.058715719,0.08294174,
,,,
,0.05786085,0.080795624,
,,,
,0.057109751,0.082390345,
,,,
,0.05751114,0.081828554,
,,,
,0.057017769,0.081656664,
,,,
,0.05818081,0.082487061,
,,,
,0.057714687,0.083974283,
,,,
,0.057554342,0.082198291,
,,,
,0.056868351,0.083735414,
,,,
,,,
,,,
,,,
,,,
,0.060095103,0.079580259,
,,,
,0.054656786,0.081969056,
,,,
,0.056009393,0.082383684,
,,,
,0.058553963,0.081712704,
,,,
,0.057169271,0.082203837,
,,,
,0.058279853,0.08282202,
,,,
,0.063914874,0.087304307,
,,,
,0.065543334,0.087126304,
,,,
,0.063059091,0.08573562,
,,,
,0.063437091,0.089612397,
,,,
,0.064649248,0.089561834,
,,,
,0.06409071,0.089231287,
,,,
,0.063418975,0.087980706,
,,,
,0.064944911,0.088278748,
,,,
,0.064046595,0.089692556,
,,,
,0.063091223,0.090664682,
,,,
,0.064351276,0.087336732,
,,,
,0.063567534,0.090367565,
,,,
,0.065919484,0.088506484,
,,,
,0.063542972,0.08993701,
,,,
,0.064997742,0.089188398,
,,,
,0.063627578,0.092449592,
,,,
,0.065915356,0.088819599,
,,,
,0.065901487,0.090032671,
,,,
,0.06514267,0.089998455,
,,,
,0.064348718,0.092833769,
,,,
,0.065181837,0.090839053,
,,,
,0.064769023,0.091219905,
,,,
,0.063543167,0.088527781,
,,,
,0.063530691,0.091167255,
,,,
,0.064224812,0.087404821,
,,,
,,,
,0.064159123,0.090328838,
,,,
,0.066436425,0.086716246,
,,,
,0.06345427,0.087687361,
,,,
,0.063298116,0.088374049,
,,,
,0.062919344,0.08582395,
,,,
,0.061456012,0.08889557,
,,,
,0.062378492,0.087211919,
,,,
,0.063823754,0.09017378,
,,,
,0.062757332,0.0897461,
,,,
,0.064546799,0.09024798,
,,,
,0.063934875,0.088922246,
,,,
,0.06249692,0.091155458,
,,,
,0.062650916,0.088036889,
,,,
,0.063347873,0.091726379,
,,,
,0.065793025,0.090250993,
,,,
,0.067293795,0.088776422,
,,,
,0.064309673,0.090938928,
,,,
,0.06579546,0.089137187,
,,,
,0.064317605,0.089650516,
,,,
,0.067069037,0.089317465,
,,,
,0.062647756,0.09062764,
,,,
,0.064909429,0.090757275,
,,,
,0.064099044,0.090488921,
,,,
,0.064684671,0.091260237,
,,,
,0.062637682,0.088970843,
,,,
,0.064766074,0.093315068,
,,,
,0.064610756,0.09019466,
,,,
,0.064686463,0.093571775,
,,,
,0.064920668,0.08955496,
,,,
,0.064925266,0.091326733,
,,,
,0.064663536,0.091988077,
,,,
,0.062425282,0.089812143,
,,,
,,,
,,,
,0.06714269,0.093313509,
,,,
,,,
,0.065158152,0.095553696,
,,,
,0.063198124,0.102295113,
,,,
,0.062696447,0.091619029,
,,,
,0.062607014,0.094684694,
,,,
,0.061378431,0.091882882,
,,,
,0.061998824,0.096070082,
,,,
,0.061337249,0.091412028,
,,,
,0.061434033,0.092018764,
,,,
,,,
,,,
,,,
,,,
,,,
,,,
,,,
,,,
,0.062464075,0.087844958,
,,,
,0.059112261,0.089898222,
,,,
,,,
,,,
,,,
,,,
,,,
,,,
,,,
,,,
,0.061054889,0.087954843,
,,,
,0.061009298,0.087106635,
,,,
,,,
,,,
,,,
,,,
,,,
,,,
,,,
,,,
,0.060649046,0.0875493,
,,,
,0.062194819,0.085709712,
,,,
,,,
,,,
,,,
,,,
,,,
,,,
,,,
,,,
,0.061064792,0.088484821,
,,,
,0.059596966,0.086840559,
,,,
,,,
,,,
,,,
,,,
,,,
,,,
,,,
,,,
,0.062871062,0.08500616,
,,,
,0.06095075,0.08544326,
,,,
,,,
,,,
,,,
,,,
,,,
,,,
,,,
,,,
,0.06279038,0.086110827,
,,,
,0.062054328,0.084103916,
,,,
,,,
,,,
,,,
,,,
,,,
,,,
,,,
,,,
,0.06126874,0.087112865,
,,,
,0.062705772,0.083811297,
,,,
,,,
,,,
,,,
,,,
,,,
,,,
,,,
,,,
,0.06023011,0.087784893,
,,,
,0.061801794,0.085162789,
,,,
,,,
,,,
,,,
,,,
,,,
,,,
,,,
,,,
,,,
,,,
,,,
,,,
,0.063359986,0.086008247,
,,,
,,,
,,,
,,,
,,,
,,,
,,,
,,,
,,,
,,,
,0.062549711,0.084317821,
,,,
,0.060883968,0.08522512,
,,,
,,,
,,,
,,,
,,,
,,,
,,,
,,,
,,,
,0.062318943,0.085988247,
,,,
,0.061909432,0.08488075,
,,,
,,,
,,,
,,,
,,,
,,,
,,,
,,,
,,,
,0.063288415,0.088473206,
,,,
,0.062442456,0.085530754,
,,,
,,,
,,,
,,,
,,,
,,,
,,,
,,,
,,,
,0.0627246,0.09004617,
,,,
,0.063197235,0.087201376,
,,,
,,,
,,,
,,,
,,,
,,,
,,,
,,,
,,,
,,,
,0.063328645,0.087979767,
,,,
,,,
,,,
,,,
,,,
,,,
,,,
,,,
,,,
,0.064382761,0.091081497,
,,,
,0.063226219,0.0876297,
,,,
,,,
,,,
,,,
,,,
,,,
,,,
,,,
,,,
,0.062759646,0.092248817,
,,,
,0.063064232,0.08878755,
,,,
,,,
,,,
,,,
,,,
,,,
,,,
,,,
,,,
,,,
,0.065431294,0.088426328,
,,,
,,,
,,,
,,,
,,,
,,,
,,,
,,,
,,,
,0.06403505,0.091641693,
,,,
,0.064316836,0.086806903,
,,,
,,,
,,,
,,,
,,,
,,,
,,,
,,,
,,,
,0.065464434,0.092500232,
,,,
,0.065452971,0.088840842,
,,,
,,,
,,,
,,,
,,,
,,,
,,,
,,,
,,,
,0.06605676,0.090243643,
,,,
,0.06550915,0.089572346,
,,,
,,,
,,,
,,,
,,,
,,,
,,,
,,,
,,,
,,,
,0.066024614,0.089396869,
,,,
,,,
,,,
,,,
,,,
,,,
,,,
,,,
,,,
,0.065289257,0.091391654,
,,,
,0.062973278,0.087911,
,,,
,,,
,,,
,,,
,,,
,,,
,,,
,,,
,,,
,0.065168524,0.095707312,
,,,
,0.063738768,0.091151765,
,,,
,,,
,,,
,,,
,,,
,,,
,,,
,,,
,,,
,,,
,0.065218564,0.090348711,
,,,
,,,
,,,
,,,
,,,
,,,
,,,
,,,
,,,
,0.06590456,0.092009654,
,,,
,0.066068503,0.088958851,
,,,
,,,
,,,
,,,
,,,
,0.100901926,0.154780493,
,,,
,0.099698083,0.16789268,
,,,
,,,
,,,
,,,
,,,
,,,
,,,
,,,
,,,
,0.100179211,0.14996142,
,,,
,0.099721163,0.168583232,
,,,
,,,
,,,
,,,
,,,
,,,
,,,
,,,
,,,
,0.101643083,0.155693095,
,,,
,0.100592242,0.163738336,
,,,
,,,
,,,
,,,
,,,
,,,
,,,
,,,
,,,
,0.100556222,0.157792694,
,,,
,0.099401544,0.166904877,
,,,
,,,
,,,
,,,
,,,
,,,
,,,
,,,
,,,
,0.101816833,0.154892296,
,,,
,0.10146645,0.165078618,
,,,
,0.101746179,0.156672793,
,,,
,0.101117717,0.167011411,
,,,
,,,
,,,
,,,
,,,
,,,
,,,
,,,
,,,
,0.100918644,0.155578846,
,,,
,0.102176282,0.165821507,
,,,
,,,
,,,
,,,
,,,
,,,
,,,
,,,
,,,
,0.101538969,0.150926422,
,,,
,0.101904538,0.171037785,
,,,
,,,
,,,
,,,
,,,
,,,
,,,
,,,
,,,
,0.101508236,0.156542734,
,,,
,0.102172558,0.163812486,
,,,
,,,
,,,
,,,
,,,
,,,
,,,
,,,
,,,
,0.101759403,0.15611121,
,,,
,0.10040892,0.166739374,
,,,
,0.102802872,0.157945458,
,,,
,0.102771838,0.167244472,
,,,
,,,
,,,
,,,
,,,
,,,
,,,
,,,
,,,
,0.101976684,0.154748846,
,,,
,0.101455423,0.171138908,
,,,
,,,
,,,
,,,
,,,
,,,
,,,
,,,
,,,
,0.103786704,0.153935968,
,,,
,0.101950749,0.165885022,
,,,
,,,
,,,
,,,
,,,
,,,
,0.107292208,0.221869948,
,,,
,0.102182981,0.204241961,
,,,
,,,
,,,
,,,
,,,
,,,
,,,
,,,
,,,
,0.103118046,0.188106441,
,,,
,0.102854712,0.199723689,
,,,
,,,
,,,
,,,
,,,
,,,
,,,
,,,
,,,
,0.101981374,0.182102426,
,,,
,0.100212468,0.18619299,
,,,
,,,
,,,
,,,
,,,
,,,
,,,
,,,
,,,
,0.102605299,0.174242402,
,,,
,0.098869568,0.184372063,
,,,
,,,
,,,
,,,
,,,
,,,
,,,
,,,
,,,
,0.098736278,0.169317529,
,,,
,0.099535479,0.179099525,
,,,
,0.099743841,0.173921712,
,,,
,0.100207299,0.173303141,
,,,
,,,
,,,
,,,
,,,
,,,
,,,
,,,
,,,
,0.104809454,0.177630428,
,,,
,0.100365505,0.17146044,
,,,
,,,
,,,
,,,
,,,
,,,
,,,
,,,
,,,
,0.099566381,0.166113507,
,,,
,0.097951484,0.170433892,
,,,
,,,
,,,
,,,
,,,
,,,
,,,
,,,
,,,
,0.098275469,0.172557558,
,,,
,0.099783061,0.17034927,
,,,
,,,
,,,
,,,
,,,
,,,
,,,
,,,
,,,
,0.102884735,0.170432907,
,,,
,0.100478299,0.169794455,
,,,
,0.099085852,0.169576025,
,,,
,0.09976414,0.171595873,
,,,
,,,
,,,
,,,
,,,
,,,
,,,
,,,
,,,
,0.09945861,0.16837107,
,,,
,0.098922977,0.168829063,
,,,
,,,
,,,
,,,
,,,
,,,
,,,
,,,
,,,
,0.099558588,0.162099957,
,,,
,0.098495603,0.169166211,
,,,
,,,
,,,
,,,
,,,
,,,
,,,
,,,
,,,
,0.099954393,0.168172088,
,,,
,0.100686762,0.166125148,
,,,
,,,
,,,
,,,
,,,
,,,
,,,
,,,
,,,
,0.099710966,0.173724833,
,,,
,0.098157376,0.169944702,
,,,
,,,
,,,
,,,
,,,
,,,
,,,
,,,
,,,
,0.10056175,0.165866433,
,,,
,0.098125732,0.171059257,
,,,
,0.101957483,0.171632265,
,,,
,0.098777567,0.169791739,
,,,
,,,
,,,
,,,
,,,
,,,
,,,
,,,
,,,
,0.100839617,0.168038425,
,,,
,0.099380707,0.163839986,
,,,
,,,
,,,
,,,
,,,
,,,
,,,
,,,
,,,
,0.100900242,0.173727955,
,,,
,0.099787565,0.169881924,
,,,
,,,
,,,
,,,
,,,
,,,
,,,
,,,
,,,
,0.099995355,0.169405733,
,,,
,0.099807617,0.16731997,
,,,
,,,
,,,
,,,
,,,
,,,
,,,
,,,
,,,
,0.100042467,0.168632518,
,,,
,0.098819692,0.168465877,
,,,
,0.101301587,0.168103855,
,,,
,0.099063406,0.166940177,
,,,
,,,
,,,
,,,
,,,
,,,
,,,
,,,
,,,
,0.100101769,0.172068307,
,,,
,0.09962653,0.173670201,
,,,
,,,
,,,
,,,
,,,
,,,
,,,
,,,
,,,
,0.10176865,0.169941148,
,,,
,0.10150507,0.17427375,
,,,
,,,
,,,
,,,
,,,
,,,
,0.108859818,0.242351902,
,,,
,0.104964052,0.220815081,
,,,
,,,
,,,
,,,
,,,
,,,
,,,
,,,
,,,
,0.103712681,0.19982948,
,,,
,0.102562576,0.19482175,
,,,
,,,
,,,
,,,
,,,
,,,
,,,
,,,
,,,
,0.104089883,0.19491768,
,,,
,0.101958499,0.195572255,
,,,
,,,
,,,
,,,
,,,
,,,
,,,
,,,
,,,
,0.102805893,0.195909193,
,,,
,0.101568925,0.187838923,
,,,
,,,
,,,
,,,
,,,
,,,
,,,
,,,
,,,
,0.103643824,0.188077037,
,,,
,0.102710516,0.193065211,
,,,
,0.10304284,0.185425198,
,,,
,0.102628036,0.188029826,
,,,
,,,
,,,
,,,
,,,
,,,
,,,
,,,
,,,
,0.103827261,0.189769685,
,,,
,0.101815502,0.186501357,
,,,
,,,
,,,
,,,
,,,
,,,
,,,
,,,
,,,
,0.103035715,0.186393395,
,,,
,0.101525132,0.186331486,
,,,
,,,
,,,
,,,
,,,
,,,
,,,
,,,
,,,
,0.102194386,0.180245548,
,,,
,0.101527201,0.180514522,
,,,
,,,
,,,
,,,
,,,
,,,
,,,
,,,
,,,
,0.10218043,0.179432177,
,,,
,0.101659926,0.182389773,
,,,
,0.10300279,0.18533952,
,,,
,0.102318914,0.185307797,
,,,
,,,
,,,
,,,
,,,
,,,
,,,
,,,
,,,
,0.103294652,0.181522909,
,,,
,0.100695778,0.183036507,
,,,
,,,
,,,
,,,
,,,
,,,
,,,
,,,
,,,
,0.101940372,0.179268984,
,,,
,0.100041855,0.17863447,
,,,
,,,
,,,
,,,
,,,
,,,
,,,
,,,
,,,
,0.101746347,0.178622229,
,,,
,0.101765725,0.177358999,
,,,
,,,
,,,
,,,
,,,
,,,
,,,
,,,
,,,
,0.101341285,0.172867464,
,,,
,0.101186984,0.1762832,
,,,
,,,
,,,
,,,
,,,
,,,
,,,
,,,
,,,
,0.103416189,0.179720213,
,,,
,0.10141207,0.174102345,
,,,
,0.101584868,0.170532662,
,,,
,0.10263079,0.179821543,
,,,
,,,
,,,
,,,
,,,
,,,
,,,
,,,
,,,
,0.101311852,0.183868046,
,,,
,0.101847215,0.178120751,
,,,
,,,
,,,
,,,
,,,
,,,
,,,
,,,
,,,
,0.10147143,0.174113785,
,,,
,0.101237809,0.172495825,
,,,
,,,
,,,
,,,
,,,
,,,
,,,
,,,
,,,
,0.102462794,0.179798853,
,,,
,0.101527621,0.176942208,
,,,
,,,
,,,
,,,
,,,
,,,
,,,
,,,
,,,
,0.102067739,0.181884112,
,,,
,0.102228677,0.173350281,
,,,
,0.10334392,0.179502902,
,,,
,0.102325202,0.174032133,
,,,
,,,
,,,
,,,
,,,
,,,
,,,
,,,
,,,
,0.101942155,0.171767159,
,,,
,0.103227411,0.167094439,
,,,
,,,
,,,
,,,
,,,
,,,
,,,
,,,
,,,
,0.103113338,0.173632523,
,,,
,0.102677069,0.17039406,
,,,
,,,
,,,
,,,
,,,
,0.101578293,0.234716865,
,,,
,0.096190858,0.201767189,
,,,
,,,
,,,
,,,
,,,
,,,
,,,
,,,
,,,
,0.099150264,0.18329577,
,,,
,0.095976343,0.184079626,
,,,
,,,
,,,
,,,
,,,
,,,
,,,
,,,
,,,
,0.09736949,0.173864504,
,,,
,0.097851821,0.179666362,
,,,
,,,
,,,
,,,
,,,
,,,
,,,
,,,
,,,
,0.097585386,0.170393526,
,,,
,0.097531104,0.171325544,
,,,
,,,
,,,
,,,
,,,
,,,
,,,
,,,
,,,
,0.099077278,0.169173426,
,,,
,0.097591989,0.163273297,
,,,
,0.099238255,0.164729857,
,,,
,0.098414267,0.170490385,
,,,
,,,
,,,
,,,
,,,
,,,
,,,
,,,
,,,
,0.097851206,0.15940855,
,,,
,0.100116141,0.166719568,
,,,
,,,
,,,
,,,
,,,
,,,
,,,
,,,
,,,
,0.096852297,0.158571425,
,,,
,0.095914848,0.16067959,
,,,
,,,
,,,
,,,
,,,
,,,
,,,
,,,
,,,
,0.096154847,0.15871079,
,,,
,0.097346315,0.162158784,
,,,
,,,
,,,
,,,
,,,
,,,
,,,
,,,
,,,
,0.099223256,0.158393656,
,,,
,0.095751303,0.161309588,
,,,
,0.099503949,0.155224729,
,,,
,0.098293483,0.159146076,
,,,
,,,
,,,
,,,
,,,
,,,
,,,
,,,
,,,
,0.098375931,0.158580842,
,,,
,0.096059508,0.15410649,
,,,
,,,
,,,
,,,
,,,
,,,
,,,
,,,
,,,
,0.097869762,0.155176579,
,,,
,0.098053784,0.157053534,
,,,
,,,
,,,
,,,
,,,
,,,
,,,
,,,
,,,
,0.097498217,0.152611156,
,,,
,0.094538543,0.159980287,
,,,
,,,
,,,
,,,
,,,
,,,
,,,
,,,
,,,
,0.099830203,0.15317404,
,,,
,0.095326125,0.156481918,
,,,
,,,
,,,
,,,
,,,
,,,
,,,
,,,
,,,
,0.096850736,0.153052012,
,,,
,0.09559865,0.157434742,
,,,
,0.09764066,0.151995507,
,,,
,0.09533172,0.152780832,
,,,
,,,
,,,
,,,
,,,
,,,
,,,
,,,
,,,
,0.098423067,0.148266921,
,,,
,0.097049237,0.157882608,
,,,
,,,
,,,
,,,
,,,
,,,
,,,
,,,
,,,
,0.097870914,0.149911458,
,,,
,0.096738338,0.151495678,
,,,
,,,
,,,
,,,
,,,
,,,
,,,
,,,
,,,
,0.098669843,0.148908472,
,,,
,0.095766854,0.15710781,
,,,
,,,
,,,
,,,
,,,
,,,
,,,
,,,
,,,
,0.095194038,0.148465906,
,,,
,0.094272851,0.154349543,
,,,
,0.095995327,0.150683701,
,,,
,0.097471099,0.157609121,
,,,
,,,
,,,
,,,
,,,
,,,
,,,
,,,
,,,
,0.098255003,0.148771048,
,,,
,0.097787222,0.150885241,
,,,
,,,
,,,
,,,
,,,
,,,
,,,
,,,
,,,
,0.098679364,0.152746632,
,,,
,0.096808798,0.154897382,
,,,
,,,
,,,
,,,
